"Query","Dates range","Impressions","Clicks","CTR %","Avg. position","Avg. click position","Impressions for 1st position","Clicks from pos. 1","CTR % for pos. 1","Impressions for pos. 2-3","Clicks from pos. 2-3","CTR % for pos. 2-3","Avg. impression position for pos. 2-3","Avg. click position from pos. 2-3","Impressions for pos. 4-10","Clicks from pos. 4-10","CTR % for pos. 4-10","Avg. impression position for pos. 4-10","Avg. click position from pos. 4-10","Impressions for pos. 11-50","Clicks from pos. 11-50","CTR % for pos. 11-50","Avg. impression position for pos. 11-50","Avg. click position from pos. 11-50"
"гильотина polar ремонт спб","2026-07-23 - 2026-08-23","544.00","0.00","0.00","3.44","","23.00","0.00","0.00","341.00","0.00","0.00","2.56","","177.00","0.00","0.00","5.32","","3.00","0.00","0.00","11.00",""
"ремонт гильотины в спб","2026-07-23 - 2026-08-23","449.00","0.00","0.00","7.01","","0.00","0.00","","5.00","0.00","0.00","2.40","","434.00","0.00","0.00","6.96","","10.00","0.00","0.00","11.20",""
"ремонт гильотины спб","2026-07-23 - 2026-08-23","425.00","0.00","0.00","7.27","","0.00","0.00","","4.00","0.00","0.00","2.75","","414.00","0.00","0.00","7.25","","7.00","0.00","0.00","11.14",""
"ремонт советских гильотин в спб","2026-07-23 - 2026-08-23","324.00","0.00","0.00","6.07","","1.00","0.00","0.00","41.00","0.00","0.00","2.71","","276.00","0.00","0.00","6.49","","6.00","0.00","0.00","11.00",""
"ремонт то гильотинных ножниц в спб","2026-07-23 - 2026-08-23","223.00","0.00","0.00","6.52","","2.00","0.00","0.00","19.00","0.00","0.00","2.68","","193.00","0.00","0.00","6.75","","9.00","0.00","0.00","11.11",""
"отремонтировать ножницы листовые гильотину в спб","2026-07-23 - 2026-08-23","205.00","0.00","0.00","5.97","","0.00","0.00","","19.00","0.00","0.00","2.95","","180.00","0.00","0.00","6.12","","6.00","0.00","0.00","11.00",""
"ремонт гильотины по металлу srfatlant","2026-07-23 - 2026-08-23","195.00","0.00","0.00","6.86","","0.00","0.00","","16.00","0.00","0.00","2.81","","169.00","0.00","0.00","6.99","","10.00","0.00","0.00","11.00",""
"ремонт гильотины","2026-07-23 - 2026-08-23","172.00","1.00","0.58","7.65","3.00","0.00","0.00","","4.00","1.00","25.00","2.75","3.00","150.00","0.00","0.00","7.35","","18.00","0.00","0.00","11.22",""
"ремонт гильотины в спб srfatlant","2026-07-23 - 2026-08-23","159.00","0.00","0.00","7.56","","0.00","0.00","","3.00","0.00","0.00","3.00","","154.00","0.00","0.00","7.60","","2.00","0.00","0.00","11.00",""
"ремонт листогибочного станка","2026-07-23 - 2026-08-23","144.00","0.00","0.00","8.47","","0.00","0.00","","0.00","0.00","","","","125.00","0.00","0.00","8.05","","19.00","0.00","0.00","11.26",""
"гильотина polar ремонт спб srfatlant","2026-07-23 - 2026-08-23","136.00","0.00","0.00","4.27","","0.00","0.00","","54.00","0.00","0.00","2.85","","82.00","0.00","0.00","5.21","","0.00","0.00","","",""
"ремонт советских гильотин в спб srfatlant","2026-07-23 - 2026-08-23","135.00","0.00","0.00","7.16","","0.00","0.00","","6.00","0.00","0.00","2.83","","124.00","0.00","0.00","7.21","","5.00","0.00","0.00","11.00",""
"ремонт гильотин","2026-07-23 - 2026-08-23","104.00","0.00","0.00","7.36","","1.00","0.00","0.00","1.00","0.00","0.00","3.00","","96.00","0.00","0.00","7.23","","6.00","0.00","0.00","11.17",""
"ремонт то гильотинных ножниц в спб srfatlant","2026-07-23 - 2026-08-23","96.00","0.00","0.00","7.28","","0.00","0.00","","3.00","0.00","0.00","3.00","","90.00","0.00","0.00","7.30","","3.00","0.00","0.00","11.00",""
"ремонт гильотин srfatlant","2026-07-23 - 2026-08-23","89.00","0.00","0.00","7.88","","0.00","0.00","","1.00","0.00","0.00","2.00","","87.00","0.00","0.00","7.91","","1.00","0.00","0.00","11.00",""
"ремонт гильотины srfatlant","2026-07-23 - 2026-08-23","86.00","0.00","0.00","8.07","","0.00","0.00","","4.00","0.00","0.00","2.75","","76.00","0.00","0.00","8.11","","6.00","0.00","0.00","11.17",""
"ремонт гильотины по металлу","2026-07-23 - 2026-08-23","81.00","2.00","2.47","6.75","5.00","0.00","0.00","","5.00","0.00","0.00","2.80","","71.00","2.00","2.82","6.69","5.00","5.00","0.00","0.00","11.60",""
"ремонт гильотины спб srfatlant","2026-07-23 - 2026-08-23","73.00","0.00","0.00","7.38","","0.00","0.00","","1.00","0.00","0.00","2.00","","71.00","0.00","0.00","7.41","","1.00","0.00","0.00","11.00",""
"ремонт вальцовочный станок","2026-07-23 - 2026-08-23","62.00","0.00","0.00","7.42","","0.00","0.00","","1.00","0.00","0.00","3.00","","55.00","0.00","0.00","7.07","","6.00","0.00","0.00","11.33",""
"ermaksan ремонт","2026-07-23 - 2026-08-23","52.00","1.00","1.92","6.52","5.00","0.00","0.00","","1.00","0.00","0.00","3.00","","50.00","1.00","2.00","6.48","5.00","1.00","0.00","0.00","12.00",""
"sahinler ремонт","2026-07-23 - 2026-08-23","41.00","0.00","0.00","6.05","","0.00","0.00","","0.00","0.00","","","","40.00","0.00","0.00","5.90","","1.00","0.00","0.00","12.00",""
"ремонт листогибочного станка srfatlant","2026-07-23 - 2026-08-23","41.00","0.00","0.00","7.54","","0.00","0.00","","0.00","0.00","","","","39.00","0.00","0.00","7.36","","2.00","0.00","0.00","11.00",""
"отремонтировать ножницы листовые гильотину в спб srfatlant","2026-07-23 - 2026-08-23","34.00","0.00","0.00","8.29","","0.00","0.00","","1.00","0.00","0.00","3.00","","31.00","0.00","0.00","8.29","","2.00","0.00","0.00","11.00",""
"ремонт гильотины для рубки металла","2026-07-23 - 2026-08-23","33.00","1.00","3.03","9.39","6.00","0.00","0.00","","3.00","0.00","0.00","3.00","","19.00","1.00","5.26","8.68","6.00","11.00","0.00","0.00","12.36",""
"диагностика выезд и восстановление станка","2026-07-23 - 2026-08-23","30.00","0.00","0.00","7.27","","0.00","0.00","","6.00","0.00","0.00","3.00","","18.00","0.00","0.00","7.44","","6.00","0.00","0.00","11.00",""
"ремонт гильотина для рубки металла","2026-07-23 - 2026-08-23","29.00","0.00","0.00","8.90","","0.00","0.00","","0.00","0.00","","","","24.00","0.00","0.00","8.21","","5.00","0.00","0.00","12.20",""
"ремонт станков","2026-07-23 - 2026-08-23","25.00","0.00","0.00","37.36","","0.00","0.00","","0.00","0.00","","","","0.00","0.00","","","","25.00","0.00","0.00","37.36",""
"ремонт ленточных пил по металлу","2026-07-23 - 2026-08-23","20.00","0.00","0.00","16.55","","0.00","0.00","","0.00","0.00","","","","0.00","0.00","","","","20.00","0.00","0.00","16.55",""
"ремонт трубогибов","2026-07-23 - 2026-08-23","20.00","0.00","0.00","10.45","","0.00","0.00","","1.00","0.00","0.00","3.00","","13.00","0.00","0.00","5.77","","6.00","0.00","0.00","21.83",""
"ремонт листогибочный станок","2026-07-23 - 2026-08-23","16.00","0.00","0.00","8.06","","0.00","0.00","","1.00","0.00","0.00","3.00","","11.00","0.00","0.00","7.45","","4.00","0.00","0.00","11.00",""
"ремонт гидравлического трубогиба","2026-07-23 - 2026-08-23","16.00","0.00","0.00","17.06","","0.00","0.00","","0.00","0.00","","","","5.00","0.00","0.00","7.60","","11.00","0.00","0.00","21.36",""
"ремонт трубогиба цена","2026-07-23 - 2026-08-23","14.00","0.00","0.00","2.64","","8.00","0.00","0.00","3.00","0.00","0.00","2.00","","2.00","0.00","0.00","6.00","","1.00","0.00","0.00","11.00",""
"ремонт ручного трубогиба","2026-07-23 - 2026-08-23","14.00","0.00","0.00","11.43","","0.00","0.00","","3.00","0.00","0.00","2.67","","8.00","0.00","0.00","5.50","","3.00","0.00","0.00","36.00",""
"ремонт ленточных пил","2026-07-23 - 2026-08-23","10.00","0.00","0.00","11.30","","1.00","0.00","0.00","1.00","0.00","0.00","3.00","","1.00","0.00","0.00","8.00","","7.00","0.00","0.00","14.43",""
"24 станки ру","2026-07-23 - 2026-08-23","9.00","3.00","33.33","1.78","1.33","4.00","2.00","50.00","5.00","1.00","20.00","2.40","2.00","0.00","0.00","","","","0.00","0.00","","",""
"обслуживание то станка гильотина srfatlant","2026-07-23 - 2026-08-23","8.00","0.00","0.00","8.00","","0.00","0.00","","1.00","0.00","0.00","2.00","","6.00","0.00","0.00","8.50","","1.00","0.00","0.00","11.00",""
"ремонт и обслуживание гильотины","2026-07-23 - 2026-08-23","7.00","2.00","28.57","7.57","6.00","0.00","0.00","","1.00","0.00","0.00","3.00","","5.00","2.00","40.00","6.80","6.00","1.00","0.00","0.00","16.00",""
"89939089837","2026-07-23 - 2026-08-23","7.00","3.00","42.86","3.57","2.33","0.00","0.00","","4.00","3.00","75.00","2.50","2.33","3.00","0.00","0.00","5.00","","0.00","0.00","","",""
"ремонт обкатной станок","2026-07-23 - 2026-08-23","7.00","0.00","0.00","8.71","","0.00","0.00","","0.00","0.00","","","","7.00","0.00","0.00","8.71","","0.00","0.00","","",""
"ремонт листогиба","2026-07-23 - 2026-08-23","6.00","0.00","0.00","7.83","","0.00","0.00","","0.00","0.00","","","","5.00","0.00","0.00","7.20","","1.00","0.00","0.00","11.00",""
"ремонт гильотинных ножниц москва","2026-07-23 - 2026-08-23","6.00","0.00","0.00","6.50","","0.00","0.00","","1.00","0.00","0.00","3.00","","5.00","0.00","0.00","7.20","","0.00","0.00","","",""
"ремонт ленточных пил по дереву","2026-07-23 - 2026-08-23","6.00","0.00","0.00","9.83","","0.00","0.00","","1.00","0.00","0.00","3.00","","1.00","0.00","0.00","9.00","","4.00","0.00","0.00","11.75",""
"пётр листогиб верещагино","2026-07-23 - 2026-08-23","5.00","0.00","0.00","11.60","","0.00","0.00","","0.00","0.00","","","","1.00","0.00","0.00","9.00","","4.00","0.00","0.00","12.25",""
"где в тайшете можно заварить пилы для ленточной пилорамы","2026-07-23 - 2026-08-23","5.00","2.00","40.00","2.60","1.00","1.00","2.00","200.00","3.00","0.00","0.00","2.67","","1.00","0.00","0.00","4.00","","0.00","0.00","","",""
"ремонт станков и оборудования","2026-07-23 - 2026-08-23","5.00","0.00","0.00","14.20","","0.00","0.00","","0.00","0.00","","","","1.00","0.00","0.00","9.00","","4.00","0.00","0.00","15.50",""
"ремонт ленточных пил по дереву в г стерлитамаке адреса и телефоны","2026-07-23 - 2026-08-23","5.00","0.00","0.00","8.80","","0.00","0.00","","0.00","0.00","","","","5.00","0.00","0.00","8.80","","0.00","0.00","","",""
"листогиб гидравлический пресс не реагирует на изменения угла","2026-07-23 - 2026-08-23","4.00","0.00","0.00","9.50","","0.00","0.00","","0.00","0.00","","","","4.00","0.00","0.00","9.50","","0.00","0.00","","",""
"стойка delem","2026-07-23 - 2026-08-23","4.00","0.00","0.00","8.50","","0.00","0.00","","0.00","0.00","","","","4.00","0.00","0.00","8.50","","0.00","0.00","","",""
"ремонт листогиба амада","2026-07-23 - 2026-08-23","4.00","0.00","0.00","9.00","","0.00","0.00","","0.00","0.00","","","","3.00","0.00","0.00","8.00","","1.00","0.00","0.00","12.00",""
"ремонт суперфинишный станок","2026-07-23 - 2026-08-23","4.00","0.00","0.00","7.75","","0.00","0.00","","0.00","0.00","","","","4.00","0.00","0.00","7.75","","0.00","0.00","","",""
"капитальный ремонт прессового оборудования","2026-07-23 - 2026-08-23","4.00","0.00","0.00","22.00","","0.00","0.00","","0.00","0.00","","","","0.00","0.00","","","","4.00","0.00","0.00","22.00",""
"ремонт трубогиба гидравлического","2026-07-23 - 2026-08-23","4.00","1.00","25.00","9.25","10.00","0.00","0.00","","0.00","0.00","","","","3.00","1.00","33.33","8.67","10.00","1.00","0.00","0.00","11.00",""
"ремонт листогибочного станка в челнах","2026-07-23 - 2026-08-23","4.00","0.00","0.00","3.00","","0.00","0.00","","4.00","0.00","0.00","3.00","","0.00","0.00","","","","0.00","0.00","","",""
"ремонт пневматических станков в москве","2026-07-23 - 2026-08-23","4.00","0.00","0.00","45.75","","0.00","0.00","","0.00","0.00","","","","0.00","0.00","","","","4.00","0.00","0.00","45.75",""
"ремонт станков trumpf","2026-07-23 - 2026-08-23","4.00","0.00","0.00","25.75","","0.00","0.00","","0.00","0.00","","","","0.00","0.00","","","","4.00","0.00","0.00","25.75",""
"на листогибочном станке не работает блок который отвечает за игрек какие причины","2026-07-23 - 2026-08-23","3.00","0.00","0.00","7.00","","0.00","0.00","","0.00","0.00","","","","3.00","0.00","0.00","7.00","","0.00","0.00","","",""
"ремонт гильотинных ножниц","2026-07-23 - 2026-08-23","3.00","2.00","66.67","12.67","8.00","0.00","0.00","","0.00","0.00","","","","1.00","2.00","200.00","8.00","8.00","2.00","0.00","0.00","15.00",""
"ремонт ручных гидравлических профилегибов","2026-07-23 - 2026-08-23","3.00","0.00","0.00","4.67","","0.00","0.00","","0.00","0.00","","","","3.00","0.00","0.00","4.67","","0.00","0.00","","",""
"ошибка е19 листогиба ermaksan","2026-07-23 - 2026-08-23","3.00","0.00","0.00","10.67","","0.00","0.00","","0.00","0.00","","","","1.00","0.00","0.00","9.00","","2.00","0.00","0.00","11.50",""
"диагностика и ремонт станков","2026-07-23 - 2026-08-23","3.00","0.00","0.00","16.00","","0.00","0.00","","0.00","0.00","","","","2.00","0.00","0.00","9.00","","1.00","0.00","0.00","30.00",""
"ремонт вальцовочного станка","2026-07-23 - 2026-08-23","3.00","1.00","33.33","7.00","7.00","0.00","0.00","","0.00","0.00","","","","3.00","1.00","33.33","7.00","7.00","0.00","0.00","","",""
"гидравлический листогиб не гнет 90 градусов что делать","2026-07-23 - 2026-08-23","3.00","0.00","0.00","11.00","","0.00","0.00","","0.00","0.00","","","","0.00","0.00","","","","3.00","0.00","0.00","11.00",""
"как выправить след от гиба на листогибе","2026-07-23 - 2026-08-23","3.00","0.00","0.00","9.67","","0.00","0.00","","0.00","0.00","","","","2.00","0.00","0.00","9.00","","1.00","0.00","0.00","11.00",""
"стандартный пароль на delem da-58t","2026-07-23 - 2026-08-23","3.00","0.00","0.00","11.00","","0.00","0.00","","0.00","0.00","","","","1.00","0.00","0.00","10.00","","2.00","0.00","0.00","11.50",""
"delem da-69t гибочный поднялся по y выше нормы и не видит значение","2026-07-23 - 2026-08-23","3.00","0.00","0.00","9.00","","0.00","0.00","","0.00","0.00","","","","3.00","0.00","0.00","9.00","","0.00","0.00","","",""
"листогибочный станок с чпу серии е2590 не опускается плансон причины неисправности","2026-07-23 - 2026-08-23","3.00","0.00","0.00","5.33","","0.00","0.00","","0.00","0.00","","","","3.00","0.00","0.00","5.33","","0.00","0.00","","",""
"ремонт листогибочных станков королев болшево","2026-07-23 - 2026-08-23","3.00","1.00","33.33","5.67","5.00","0.00","0.00","","1.00","0.00","0.00","3.00","","2.00","1.00","50.00","7.00","5.00","0.00","0.00","","",""
"ремонт гидравлических листогибов","2026-07-23 - 2026-08-23","3.00","0.00","0.00","8.67","","0.00","0.00","","0.00","0.00","","","","2.00","0.00","0.00","7.00","","1.00","0.00","0.00","12.00",""
"+7 993 908-98-37","2026-07-23 - 2026-08-23","3.00","1.00","33.33","3.00","2.00","0.00","0.00","","2.00","1.00","50.00","2.50","2.00","1.00","0.00","0.00","4.00","","0.00","0.00","","",""
"da695 delem как поднять былку траверсу принудительно","2026-07-23 - 2026-08-23","3.00","0.00","0.00","9.33","","0.00","0.00","","0.00","0.00","","","","3.00","0.00","0.00","9.33","","0.00","0.00","","",""
"ремонт ленточнопильных станков по дереву в кулебаках","2026-07-23 - 2026-08-23","3.00","1.00","33.33","4.33","3.00","0.00","0.00","","1.00","1.00","100.00","3.00","3.00","2.00","0.00","0.00","5.00","","0.00","0.00","","",""
"трескаются ножи на гильотине","2026-07-23 - 2026-08-23","3.00","0.00","0.00","8.67","","0.00","0.00","","0.00","0.00","","","","3.00","0.00","0.00","8.67","","0.00","0.00","","",""
"ремонт панели листогиба ermaksan","2026-07-23 - 2026-08-23","3.00","0.00","0.00","2.67","","0.00","0.00","","3.00","0.00","0.00","2.67","","0.00","0.00","","","","0.00","0.00","","",""
"гидравлический листогиб dmp cnc 160-30 ремонт донецк","2026-07-23 - 2026-08-23","3.00","2.00","66.67","1.33","1.50","2.00","1.00","50.00","1.00","1.00","100.00","2.00","2.00","0.00","0.00","","","","0.00","0.00","","",""
"24 станки пу","2026-07-23 - 2026-08-23","3.00","1.00","33.33","2.00","1.00","1.00","1.00","100.00","2.00","0.00","0.00","2.50","","0.00","0.00","","","","0.00","0.00","","",""
"delem da 40 t сервисное меню","2026-07-23 - 2026-08-23","3.00","2.00","66.67","15.67","17.00","0.00","0.00","","0.00","0.00","","","","0.00","0.00","","","","3.00","2.00","66.67","15.67","17.00"
"листогиб гидравлический с чпу ошибка сервопривода?","2026-07-23 - 2026-08-23","3.00","0.00","0.00","10.00","","0.00","0.00","","0.00","0.00","","","","3.00","0.00","0.00","10.00","","0.00","0.00","","",""
"ремонт трубогибов гидравлических в новосибирске адреса","2026-07-23 - 2026-08-23","2.00","0.00","0.00","3.00","","0.00","0.00","","2.00","0.00","0.00","3.00","","0.00","0.00","","","","0.00","0.00","","",""
"типичные неисправности гибочного ручного станка","2026-07-23 - 2026-08-23","2.00","0.00","0.00","4.50","","0.00","0.00","","1.00","0.00","0.00","3.00","","1.00","0.00","0.00","6.00","","0.00","0.00","","",""
"ошибка на стойке delem d0089","2026-07-23 - 2026-08-23","2.00","0.00","0.00","5.50","","0.00","0.00","","0.00","0.00","","","","2.00","0.00","0.00","5.50","","0.00","0.00","","",""
"диагностика и выезд и восстановление станка","2026-07-23 - 2026-08-23","2.00","0.00","0.00","12.00","","0.00","0.00","","0.00","0.00","","","","0.00","0.00","","","","2.00","0.00","0.00","12.00",""
"услуга ремонт вальцов","2026-07-23 - 2026-08-23","2.00","0.00","0.00","7.00","","0.00","0.00","","0.00","0.00","","","","2.00","0.00","0.00","7.00","","0.00","0.00","","",""
"трубогиб услуга трубогиб в кызыле","2026-07-23 - 2026-08-23","2.00","0.00","0.00","10.50","","0.00","0.00","","0.00","0.00","","","","1.00","0.00","0.00","9.00","","1.00","0.00","0.00","12.00",""
"ремонт листогиба amada в москве","2026-07-23 - 2026-08-23","2.00","0.00","0.00","2.00","","0.00","0.00","","2.00","0.00","0.00","2.00","","0.00","0.00","","","","0.00","0.00","","",""
"24stanki москва","2026-07-23 - 2026-08-23","2.00","1.00","50.00","1.50","1.00","1.00","1.00","100.00","1.00","0.00","0.00","2.00","","0.00","0.00","","","","0.00","0.00","","",""
"ремонт пил шахунья","2026-07-23 - 2026-08-23","2.00","0.00","0.00","5.50","","0.00","0.00","","0.00","0.00","","","","2.00","0.00","0.00","5.50","","0.00","0.00","","",""
"ремонт и обслуживание оборудования сервис станков","2026-07-23 - 2026-08-23","2.00","0.00","0.00","9.50","","0.00","0.00","","0.00","0.00","","","","1.00","0.00","0.00","8.00","","1.00","0.00","0.00","11.00",""
"калибровка чпу вальцов","2026-07-23 - 2026-08-23","2.00","0.00","0.00","7.50","","0.00","0.00","","0.00","0.00","","","","2.00","0.00","0.00","7.50","","0.00","0.00","","",""
"ремонт листогибов электроники в спб","2026-07-23 - 2026-08-23","2.00","1.00","50.00","7.00","7.00","0.00","0.00","","0.00","0.00","","","","2.00","1.00","50.00","7.00","7.00","0.00","0.00","","",""
"ремонт промышленного оборудования","2026-07-23 - 2026-08-23","2.00","0.00","0.00","10.50","","0.00","0.00","","0.00","0.00","","","","1.00","0.00","0.00","10.00","","1.00","0.00","0.00","11.00",""
"цто cnc стойка ошиька ax_err_0000021","2026-07-23 - 2026-08-23","2.00","0.00","0.00","8.50","","0.00","0.00","","0.00","0.00","","","","2.00","0.00","0.00","8.50","","0.00","0.00","","",""
"мастер по ремонту станков","2026-07-23 - 2026-08-23","2.00","0.00","0.00","11.00","","0.00","0.00","","0.00","0.00","","","","1.00","0.00","0.00","10.00","","1.00","0.00","0.00","12.00",""
"ремонт листогибочных станков щелково","2026-07-23 - 2026-08-23","2.00","2.00","100.00","4.00","4.00","0.00","0.00","","0.00","0.00","","","","2.00","2.00","100.00","4.00","4.00","0.00","0.00","","",""
"замена вальца","2026-07-23 - 2026-08-23","2.00","0.00","0.00","5.50","","0.00","0.00","","0.00","0.00","","","","2.00","0.00","0.00","5.50","","0.00","0.00","","",""
"стойка delem зеленый индикатор","2026-07-23 - 2026-08-23","2.00","0.00","0.00","3.00","","0.00","0.00","","2.00","0.00","0.00","3.00","","0.00","0.00","","","","0.00","0.00","","",""
"гилятина бумаги сколько стоит ремонт механики","2026-07-23 - 2026-08-23","2.00","0.00","0.00","6.50","","0.00","0.00","","0.00","0.00","","","","2.00","0.00","0.00","6.50","","0.00","0.00","","",""
"по каким причинам на листогибе постоянно работает медленный ход","2026-07-23 - 2026-08-23","2.00","0.00","0.00","4.50","","0.00","0.00","","0.00","0.00","","","","2.00","0.00","0.00","4.50","","0.00","0.00","","",""
"почему гибочный станок очень медленно стал гнуть спустя время ?","2026-07-23 - 2026-08-23","2.00","0.00","0.00","4.50","","0.00","0.00","","0.00","0.00","","","","2.00","0.00","0.00","4.50","","0.00","0.00","","",""
"услуга ремонт листогибов","2026-07-23 - 2026-08-23","2.00","0.00","0.00","6.50","","0.00","0.00","","0.00","0.00","","","","2.00","0.00","0.00","6.50","","0.00","0.00","","",""
"ремонт вальцовки","2026-07-23 - 2026-08-23","2.00","0.00","0.00","8.00","","0.00","0.00","","0.00","0.00","","","","2.00","0.00","0.00","8.00","","0.00","0.00","","",""
"стойка delem что это","2026-07-23 - 2026-08-23","2.00","0.00","0.00","9.00","","0.00","0.00","","0.00","0.00","","","","2.00","0.00","0.00","9.00","","0.00","0.00","","",""
"сервис и обслуживание станков","2026-07-23 - 2026-08-23","2.00","0.00","0.00","7.00","","0.00","0.00","","0.00","0.00","","","","2.00","0.00","0.00","7.00","","0.00","0.00","","",""
"ошибка преследования на гибочном станке","2026-07-23 - 2026-08-23","2.00","0.00","0.00","10.00","","0.00","0.00","","0.00","0.00","","","","1.00","0.00","0.00","9.00","","1.00","0.00","0.00","11.00",""
"замена стойки чпу da 66w на da 66t","2026-07-23 - 2026-08-23","2.00","0.00","0.00","4.00","","0.00","0.00","","0.00","0.00","","","","2.00","0.00","0.00","4.00","","0.00","0.00","","",""
"ремонт гидравлического трубогиба в самаре сервис","2026-07-23 - 2026-08-23","2.00","3.00","150.00","3.50","2.00","0.00","0.00","","1.00","3.00","300.00","2.00","2.00","1.00","0.00","0.00","5.00","","0.00","0.00","","",""
"кто ремонтирует бензопилу в белинском","2026-07-23 - 2026-08-23","2.00","0.00","0.00","9.00","","0.00","0.00","","0.00","0.00","","","","2.00","0.00","0.00","9.00","","0.00","0.00","","",""
"стоимость ремонта ленточнопильных станков","2026-07-23 - 2026-08-23","2.00","1.00","50.00","6.00","6.00","0.00","0.00","","0.00","0.00","","","","2.00","1.00","50.00","6.00","6.00","0.00","0.00","","",""
"ремонт и обслуживание промышленного оборудования","2026-07-23 - 2026-08-23","2.00","0.00","0.00","33.00","","0.00","0.00","","0.00","0.00","","","","0.00","0.00","","","","2.00","0.00","0.00","33.00",""
"услуга ремонт ленточнопильных стан","2026-07-23 - 2026-08-23","2.00","0.00","0.00","16.50","","0.00","0.00","","0.00","0.00","","","","0.00","0.00","","","","2.00","0.00","0.00","16.50",""
"не включается экран чпу станка","2026-07-23 - 2026-08-23","2.00","0.00","0.00","9.00","","0.00","0.00","","0.00","0.00","","","","2.00","0.00","0.00","9.00","","0.00","0.00","","",""
"капитальный ремонт гильотины","2026-07-23 - 2026-08-23","2.00","0.00","0.00","8.50","","0.00","0.00","","0.00","0.00","","","","2.00","0.00","0.00","8.50","","0.00","0.00","","",""
"ленточная пила станок пищевой ремонт","2026-07-23 - 2026-08-23","2.00","1.00","50.00","5.00","5.00","0.00","0.00","","0.00","0.00","","","","2.00","1.00","50.00","5.00","5.00","0.00","0.00","","",""
"лихинг станков","2026-07-23 - 2026-08-23","2.00","0.00","0.00","11.50","","0.00","0.00","","0.00","0.00","","","","0.00","0.00","","","","2.00","0.00","0.00","11.50",""
"на листа гиби ошибка связи дм что это","2026-07-23 - 2026-08-23","2.00","1.00","50.00","3.00","3.00","0.00","0.00","","2.00","1.00","50.00","3.00","3.00","0.00","0.00","","","","0.00","0.00","","",""
"что делать если заготовки не полностью ложится на матрицу листогиб","2026-07-23 - 2026-08-23","2.00","0.00","0.00","11.00","","0.00","0.00","","0.00","0.00","","","","1.00","0.00","0.00","10.00","","1.00","0.00","0.00","12.00",""
"stanki24","2026-07-23 - 2026-08-23","2.00","0.00","0.00","5.50","","0.00","0.00","","1.00","0.00","0.00","3.00","","1.00","0.00","0.00","8.00","","0.00","0.00","","",""
"услуги трубогиб в чкаловске","2026-07-23 - 2026-08-23","2.00","0.00","0.00","3.00","","0.00","0.00","","2.00","0.00","0.00","3.00","","0.00","0.00","","","","0.00","0.00","","",""
"ремонт гильотина в смоленске","2026-07-23 - 2026-08-23","2.00","2.00","100.00","1.50","1.00","1.00","2.00","200.00","1.00","0.00","0.00","2.00","","0.00","0.00","","","","0.00","0.00","","",""
"ремонт листолиба эрмаксан в спб","2026-07-23 - 2026-08-23","2.00","0.00","0.00","4.00","","0.00","0.00","","1.00","0.00","0.00","3.00","","1.00","0.00","0.00","5.00","","0.00","0.00","","",""
"ремонт листогиба b power самара","2026-07-23 - 2026-08-23","2.00","0.00","0.00","3.50","","0.00","0.00","","1.00","0.00","0.00","3.00","","1.00","0.00","0.00","4.00","","0.00","0.00","","",""
"ремонт пил ленточных","2026-07-23 - 2026-08-23","2.00","1.00","50.00","7.50","5.00","0.00","0.00","","0.00","0.00","","","","2.00","1.00","50.00","7.50","5.00","0.00","0.00","","",""
"ремонт станков и промышленного оборудования","2026-07-23 - 2026-08-23","2.00","0.00","0.00","21.00","","0.00","0.00","","0.00","0.00","","","","0.00","0.00","","","","2.00","0.00","0.00","21.00",""
"ремонт ручных трубогибов гидравлических","2026-07-23 - 2026-08-23","2.00","0.00","0.00","11.00","","0.00","0.00","","0.00","0.00","","","","0.00","0.00","","","","2.00","0.00","0.00","11.00",""
"услуга ремонт трубогиба","2026-07-23 - 2026-08-23","2.00","0.00","0.00","4.50","","0.00","0.00","","0.00","0.00","","","","2.00","0.00","0.00","4.50","","0.00","0.00","","",""
"диагностика и выезд станка восстановление","2026-07-23 - 2026-08-23","2.00","0.00","0.00","7.00","","0.00","0.00","","0.00","0.00","","","","2.00","0.00","0.00","7.00","","0.00","0.00","","",""
"сервис станков","2026-07-23 - 2026-08-23","2.00","0.00","0.00","8.50","","0.00","0.00","","0.00","0.00","","","","1.00","0.00","0.00","5.00","","1.00","0.00","0.00","12.00",""
"сервис по ремонту листогибов","2026-07-23 - 2026-08-23","2.00","0.00","0.00","7.00","","0.00","0.00","","0.00","0.00","","","","2.00","0.00","0.00","7.00","","0.00","0.00","","",""
"замена ножей на гильотине услуга","2026-07-23 - 2026-08-23","2.00","0.00","0.00","10.00","","0.00","0.00","","0.00","0.00","","","","1.00","0.00","0.00","8.00","","1.00","0.00","0.00","12.00",""
"техническое обслуживание трубогибочных станков cbc uni 60 в самаре","2026-07-23 - 2026-08-23","2.00","1.00","50.00","2.00","1.00","1.00","1.00","100.00","1.00","0.00","0.00","3.00","","0.00","0.00","","","","0.00","0.00","","",""
"ремонт листогибов сталекс рх про","2026-07-23 - 2026-08-23","2.00","0.00","0.00","3.50","","0.00","0.00","","1.00","0.00","0.00","3.00","","1.00","0.00","0.00","4.00","","0.00","0.00","","",""
"ремонт гидравлической гильотины","2026-07-23 - 2026-08-23","2.00","0.00","0.00","10.00","","0.00","0.00","","0.00","0.00","","","","1.00","0.00","0.00","9.00","","1.00","0.00","0.00","11.00",""
"ремонт пилы городец","2026-07-23 - 2026-08-23","2.00","0.00","0.00","11.00","","0.00","0.00","","0.00","0.00","","","","0.00","0.00","","","","2.00","0.00","0.00","11.00",""
"диагностика листогибочного станка","2026-07-23 - 2026-08-23","2.00","0.00","0.00","3.00","","0.00","0.00","","2.00","0.00","0.00","3.00","","0.00","0.00","","","","0.00","0.00","","",""
"ремонт вальцовочного оборудования","2026-07-23 - 2026-08-23","2.00","0.00","0.00","10.00","","0.00","0.00","","0.00","0.00","","","","1.00","0.00","0.00","9.00","","1.00","0.00","0.00","11.00",""
"где в калязине можно отремонтировать электрическую пилу немецкую","2026-07-23 - 2026-08-23","2.00","0.00","0.00","3.00","","0.00","0.00","","2.00","0.00","0.00","3.00","","0.00","0.00","","","","0.00","0.00","","",""
"ошибка связи dm листогибочный станок","2026-07-23 - 2026-08-23","2.00","0.00","0.00","4.00","","0.00","0.00","","0.00","0.00","","","","2.00","0.00","0.00","4.00","","0.00","0.00","","",""
"ремонт ленточной пилы","2026-07-23 - 2026-08-23","2.00","0.00","0.00","5.00","","0.00","0.00","","0.00","0.00","","","","2.00","0.00","0.00","5.00","","0.00","0.00","","",""
"не работает станок гибочный","2026-07-23 - 2026-08-23","2.00","0.00","0.00","7.00","","0.00","0.00","","0.00","0.00","","","","2.00","0.00","0.00","7.00","","0.00","0.00","","",""
"ремонт деревообрабатывающих станков в москве q*uadrо-teсhnоlоgy#44","2026-07-23 - 2026-08-23","2.00","0.00","0.00","12.50","","0.00","0.00","","0.00","0.00","","","","0.00","0.00","","","","2.00","0.00","0.00","12.50",""
"листогибочный станок с чпу серии е2590 неисправности","2026-07-23 - 2026-08-23","2.00","0.00","0.00","4.50","","0.00","0.00","","0.00","0.00","","","","2.00","0.00","0.00","4.50","","0.00","0.00","","",""
"услуга ремонт ленточной пилы","2026-07-23 - 2026-08-23","2.00","0.00","0.00","5.00","","0.00","0.00","","0.00","0.00","","","","2.00","0.00","0.00","5.00","","0.00","0.00","","",""
"листогибочный станок края догибает до конца середину нет причины","2026-07-23 - 2026-08-23","2.00","0.00","0.00","7.00","","0.00","0.00","","0.00","0.00","","","","2.00","0.00","0.00","7.00","","0.00","0.00","","",""
"left gate switches not synchroni гибочный станок не работает","2026-07-23 - 2026-08-23","2.00","0.00","0.00","5.50","","0.00","0.00","","0.00","0.00","","","","2.00","0.00","0.00","5.50","","0.00","0.00","","",""
"как ремонтировать листогибочный станок stalex 3 метровый","2026-07-23 - 2026-08-23","2.00","0.00","0.00","4.50","","0.00","0.00","","0.00","0.00","","","","2.00","0.00","0.00","4.50","","0.00","0.00","","",""
"типичные неисправности гибочного станка","2026-07-23 - 2026-08-23","2.00","0.00","0.00","6.00","","0.00","0.00","","0.00","0.00","","","","2.00","0.00","0.00","6.00","","0.00","0.00","","",""
"ремонт деревообрабатывающих станков в москве ★quа98drо-теchnоlogy","2026-07-23 - 2026-08-23","2.00","0.00","0.00","10.00","","0.00","0.00","","0.00","0.00","","","","1.00","0.00","0.00","6.00","","1.00","0.00","0.00","14.00",""
"замена рельсы ленточной пилорамы в кулебаках нижегородская обл","2026-07-23 - 2026-08-23","2.00","0.00","0.00","9.00","","0.00","0.00","","0.00","0.00","","","","1.00","0.00","0.00","7.00","","1.00","0.00","0.00","11.00",""
"поршень листогиб не меняет угол","2026-07-23 - 2026-08-23","2.00","0.00","0.00","7.00","","0.00","0.00","","0.00","0.00","","","","2.00","0.00","0.00","7.00","","0.00","0.00","","",""
"можно ли починить скол на ноже гильотинного ножа","2026-07-23 - 2026-08-23","2.00","0.00","0.00","6.50","","0.00","0.00","","0.00","0.00","","","","2.00","0.00","0.00","6.50","","0.00","0.00","","",""
"станок lvd починка","2026-07-23 - 2026-08-23","2.00","0.00","0.00","5.00","","0.00","0.00","","0.00","0.00","","","","2.00","0.00","0.00","5.00","","0.00","0.00","","",""
"ремонт трубогибов электрических","2026-07-23 - 2026-08-23","2.00","0.00","0.00","2.50","","0.00","0.00","","2.00","0.00","0.00","2.50","","0.00","0.00","","","","0.00","0.00","","",""
"гибочный станок не догибает одну сторону","2026-07-23 - 2026-08-23","2.00","0.00","0.00","9.50","","0.00","0.00","","0.00","0.00","","","","1.00","0.00","0.00","8.00","","1.00","0.00","0.00","11.00",""
"ремонт ленточной пилы во владимире","2026-07-23 - 2026-08-23","2.00","2.00","100.00","3.00","3.00","0.00","0.00","","2.00","2.00","100.00","3.00","3.00","0.00","0.00","","","","0.00","0.00","","",""
"не работает гибочный станок","2026-07-23 - 2026-08-23","2.00","0.00","0.00","6.00","","0.00","0.00","","0.00","0.00","","","","2.00","0.00","0.00","6.00","","0.00","0.00","","",""
"что за ошибка 2531 в модуле 6035135 на листогибе amd10031","2026-07-23 - 2026-08-23","2.00","0.00","0.00","6.00","","0.00","0.00","","0.00","0.00","","","","2.00","0.00","0.00","6.00","","0.00","0.00","","",""
"ремонт станка","2026-07-23 - 2026-08-23","2.00","0.00","0.00","11.00","","0.00","0.00","","0.00","0.00","","","","1.00","0.00","0.00","9.00","","1.00","0.00","0.00","13.00",""
"диагностика станков","2026-07-23 - 2026-08-23","2.00","0.00","0.00","8.00","","0.00","0.00","","0.00","0.00","","","","2.00","0.00","0.00","8.00","","0.00","0.00","","",""
"ремонт вальцовок в новосибирске","2026-07-23 - 2026-08-23","2.00","0.00","0.00","3.00","","0.00","0.00","","2.00","0.00","0.00","3.00","","0.00","0.00","","","","0.00","0.00","","",""
"на гильотину не влазит слишком толстая","2026-07-23 - 2026-08-23","2.00","0.00","0.00","9.00","","0.00","0.00","","0.00","0.00","","","","2.00","0.00","0.00","9.00","","0.00","0.00","","",""
"машина листогибочная неисправности","2026-07-23 - 2026-08-23","2.00","0.00","0.00","10.50","","0.00","0.00","","0.00","0.00","","","","1.00","0.00","0.00","8.00","","1.00","0.00","0.00","13.00",""
"меленки ремонт бензопил","2026-07-23 - 2026-08-23","2.00","0.00","0.00","11.00","","0.00","0.00","","0.00","0.00","","","","0.00","0.00","","","","2.00","0.00","0.00","11.00",""
"причины списания станок гибочный","2026-07-23 - 2026-08-23","2.00","0.00","0.00","8.00","","0.00","0.00","","0.00","0.00","","","","2.00","0.00","0.00","8.00","","0.00","0.00","","",""
"ремонт гидравлических трубогибов","2026-07-23 - 2026-08-23","2.00","0.00","0.00","7.50","","0.00","0.00","","0.00","0.00","","","","2.00","0.00","0.00","7.50","","0.00","0.00","","",""
"настройка листогиба в калуге","2026-07-23 - 2026-08-23","2.00","0.00","0.00","5.00","","0.00","0.00","","0.00","0.00","","","","2.00","0.00","0.00","5.00","","0.00","0.00","","",""
"ремонт листогибов","2026-07-23 - 2026-08-23","2.00","0.00","0.00","11.50","","0.00","0.00","","0.00","0.00","","","","0.00","0.00","","","","2.00","0.00","0.00","11.50",""
"листогиб и1330 подклинивает правая сторона","2026-07-23 - 2026-08-23","2.00","0.00","0.00","12.50","","0.00","0.00","","0.00","0.00","","","","0.00","0.00","","","","2.00","0.00","0.00","12.50",""
"сломался втягивающий палец на гильотине ремонт","2026-07-23 - 2026-08-23","2.00","0.00","0.00","5.50","","0.00","0.00","","0.00","0.00","","","","2.00","0.00","0.00","5.50","","0.00","0.00","","",""
"da695 delem как поднять траверсу","2026-07-23 - 2026-08-23","2.00","0.00","0.00","9.00","","0.00","0.00","","0.00","0.00","","","","2.00","0.00","0.00","9.00","","0.00","0.00","","",""
"пайка пил в ишиме","2026-07-23 - 2026-08-23","2.00","0.00","0.00","7.50","","0.00","0.00","","0.00","0.00","","","","2.00","0.00","0.00","7.50","","0.00","0.00","","",""
"профилегиб и трубогиб это разные вещи","2026-07-23 - 2026-08-23","2.00","0.00","0.00","11.00","","0.00","0.00","","0.00","0.00","","","","1.00","0.00","0.00","10.00","","1.00","0.00","0.00","12.00",""
"странный звук при работе листогиба ironmac","2026-07-23 - 2026-08-23","2.00","0.00","0.00","5.50","","0.00","0.00","","0.00","0.00","","","","2.00","0.00","0.00","5.50","","0.00","0.00","","",""
"услуга ремонт вальцовочных станков","2026-07-23 - 2026-08-23","2.00","0.00","0.00","5.50","","0.00","0.00","","0.00","0.00","","","","2.00","0.00","0.00","5.50","","0.00","0.00","","",""
"услуга ремонт гильотин","2026-07-23 - 2026-08-23","2.00","0.00","0.00","8.50","","0.00","0.00","","0.00","0.00","","","","1.00","0.00","0.00","5.00","","1.00","0.00","0.00","12.00",""
"ремонт пил калачинск","2026-07-23 - 2026-08-23","2.00","0.00","0.00","5.50","","0.00","0.00","","0.00","0.00","","","","2.00","0.00","0.00","5.50","","0.00","0.00","","",""
"estun e23","2026-07-23 - 2026-08-23","2.00","0.00","0.00","9.00","","0.00","0.00","","0.00","0.00","","","","2.00","0.00","0.00","9.00","","0.00","0.00","","",""
"ип горбунов","2026-07-23 - 2026-08-23","2.00","0.00","0.00","33.00","","0.00","0.00","","0.00","0.00","","","","0.00","0.00","","","","2.00","0.00","0.00","33.00",""
"почему при вращении вала на листогибателе поднимается давление и клинит вал","2026-07-23 - 2026-08-23","2.00","0.00","0.00","6.50","","0.00","0.00","","0.00","0.00","","","","2.00","0.00","0.00","6.50","","0.00","0.00","","",""
"delem нет референции","2026-07-23 - 2026-08-23","2.00","0.00","0.00","6.50","","0.00","0.00","","0.00","0.00","","","","2.00","0.00","0.00","6.50","","0.00","0.00","","",""
"ремонт и обслуживание гильотины schiavi","2026-07-23 - 2026-08-23","2.00","0.00","0.00","18.50","","0.00","0.00","","0.00","0.00","","","","0.00","0.00","","","","2.00","0.00","0.00","18.50",""
"не рубит гильотина","2026-07-23 - 2026-08-23","2.00","0.00","0.00","9.00","","0.00","0.00","","0.00","0.00","","","","2.00","0.00","0.00","9.00","","0.00","0.00","","",""
"ремонт ленточнопильных станков по дереву бытовых","2026-07-23 - 2026-08-23","2.00","0.00","0.00","7.00","","0.00","0.00","","1.00","0.00","0.00","3.00","","0.00","0.00","","","","1.00","0.00","0.00","11.00",""
"ремонт гильотины сергиев посад","2026-07-23 - 2026-08-23","2.00","0.00","0.00","9.50","","0.00","0.00","","0.00","0.00","","","","1.00","0.00","0.00","8.00","","1.00","0.00","0.00","11.00",""
"ремонт гильотины советского образца","2026-07-23 - 2026-08-23","2.00","0.00","0.00","6.50","","0.00","0.00","","0.00","0.00","","","","2.00","0.00","0.00","6.50","","0.00","0.00","","",""
"гибочный станок ermaksan не запускается двигатель","2026-07-23 - 2026-08-23","2.00","0.00","0.00","5.00","","0.00","0.00","","0.00","0.00","","","","2.00","0.00","0.00","5.00","","0.00","0.00","","",""
"ремонт листогибочного пресса в самаре","2026-07-23 - 2026-08-23","2.00","0.00","0.00","4.00","","0.00","0.00","","0.00","0.00","","","","2.00","0.00","0.00","4.00","","0.00","0.00","","",""
"услуги трубогиба в красноуфимске","2026-07-23 - 2026-08-23","2.00","0.00","0.00","7.00","","0.00","0.00","","0.00","0.00","","","","2.00","0.00","0.00","7.00","","0.00","0.00","","",""
"как починить гильотину","2026-07-23 - 2026-08-23","2.00","1.00","50.00","2.00","2.00","0.00","0.00","","2.00","1.00","50.00","2.00","2.00","0.00","0.00","","","","0.00","0.00","","",""
"ремонт вальцев","2026-07-23 - 2026-08-23","2.00","0.00","0.00","5.50","","0.00","0.00","","1.00","0.00","0.00","3.00","","1.00","0.00","0.00","8.00","","0.00","0.00","","",""
"ремонт гидравлики 24 часа","2026-07-23 - 2026-08-23","2.00","0.00","0.00","28.50","","0.00","0.00","","0.00","0.00","","","","0.00","0.00","","","","2.00","0.00","0.00","28.50",""
"дсас htvjynстанков","2026-07-23 - 2026-08-23","2.00","0.00","0.00","15.00","","0.00","0.00","","0.00","0.00","","","","0.00","0.00","","","","2.00","0.00","0.00","15.00",""
"регулировка ножей на гильотине srfatlant","2026-07-23 - 2026-08-23","1.00","0.00","0.00","10.00","","0.00","0.00","","0.00","0.00","","","","1.00","0.00","0.00","10.00","","0.00","0.00","","",""
"возможные неисправности на листогибных вальцах","2026-07-23 - 2026-08-23","1.00","0.00","0.00","8.00","","0.00","0.00","","0.00","0.00","","","","1.00","0.00","0.00","8.00","","0.00","0.00","","",""
"ремонт балки гибочного станка замена держателя матрицы","2026-07-23 - 2026-08-23","1.00","0.00","0.00","11.00","","0.00","0.00","","0.00","0.00","","","","0.00","0.00","","","","1.00","0.00","0.00","11.00",""
"услуга ремонт ленточнопильных станков","2026-07-23 - 2026-08-23","1.00","0.00","0.00","19.00","","0.00","0.00","","0.00","0.00","","","","0.00","0.00","","","","1.00","0.00","0.00","19.00",""
"краас гибочный станок , понятие на экране отклонение","2026-07-23 - 2026-08-23","1.00","0.00","0.00","12.00","","0.00","0.00","","0.00","0.00","","","","0.00","0.00","","","","1.00","0.00","0.00","12.00",""
"абамет amb-32031 ремонт delem da-66t","2026-07-23 - 2026-08-23","1.00","0.00","0.00","5.00","","0.00","0.00","","0.00","0.00","","","","1.00","0.00","0.00","5.00","","0.00","0.00","","",""
"ремонт станок","2026-07-23 - 2026-08-23","1.00","0.00","0.00","21.00","","0.00","0.00","","0.00","0.00","","","","0.00","0.00","","","","1.00","0.00","0.00","21.00",""
"балка без движения диагностика листогиба durma","2026-07-23 - 2026-08-23","1.00","0.00","0.00","12.00","","0.00","0.00","","0.00","0.00","","","","0.00","0.00","","","","1.00","0.00","0.00","12.00",""
"ремонт листогиба в спб","2026-07-23 - 2026-08-23","1.00","0.00","0.00","7.00","","0.00","0.00","","0.00","0.00","","","","1.00","0.00","0.00","7.00","","0.00","0.00","","",""
"ремонт ленточнопильного станка в симферополе","2026-07-23 - 2026-08-23","1.00","0.00","0.00","4.00","","0.00","0.00","","0.00","0.00","","","","1.00","0.00","0.00","4.00","","0.00","0.00","","",""
"ремонт ножей гильотина","2026-07-23 - 2026-08-23","1.00","0.00","0.00","3.00","","0.00","0.00","","1.00","0.00","0.00","3.00","","0.00","0.00","","","","0.00","0.00","","",""
"ремонт станков es500","2026-07-23 - 2026-08-23","1.00","0.00","0.00","11.00","","0.00","0.00","","0.00","0.00","","","","0.00","0.00","","","","1.00","0.00","0.00","11.00",""
"ermaksan ремонт сервис станков","2026-07-23 - 2026-08-23","1.00","0.00","0.00","5.00","","0.00","0.00","","0.00","0.00","","","","1.00","0.00","0.00","5.00","","0.00","0.00","","",""
"ремонт деревообрабатывающих станков и в москве quadro-теchnology51-v8","2026-07-23 - 2026-08-23","1.00","0.00","0.00","7.00","","0.00","0.00","","0.00","0.00","","","","1.00","0.00","0.00","7.00","","0.00","0.00","","",""
"контролёр delem da-69t коды ошибок s9004","2026-07-23 - 2026-08-23","1.00","0.00","0.00","5.00","","0.00","0.00","","0.00","0.00","","","","1.00","0.00","0.00","5.00","","0.00","0.00","","",""
"ermaksan гибочник опустить после работы","2026-07-23 - 2026-08-23","1.00","0.00","0.00","12.00","","0.00","0.00","","0.00","0.00","","","","0.00","0.00","","","","1.00","0.00","0.00","12.00",""
"контролёр delem da-69t коды ошибок s9007","2026-07-23 - 2026-08-23","1.00","0.00","0.00","7.00","","0.00","0.00","","0.00","0.00","","","","1.00","0.00","0.00","7.00","","0.00","0.00","","",""
"листогиб перестал отпускать нож из за гидравлического","2026-07-23 - 2026-08-23","1.00","0.00","0.00","3.00","","0.00","0.00","","1.00","0.00","0.00","3.00","","0.00","0.00","","","","0.00","0.00","","",""
"замена ножей на гильотине","2026-07-23 - 2026-08-23","1.00","0.00","0.00","10.00","","0.00","0.00","","0.00","0.00","","","","1.00","0.00","0.00","10.00","","0.00","0.00","","",""
"причина поломки гибочного станка","2026-07-23 - 2026-08-23","1.00","0.00","0.00","13.00","","0.00","0.00","","0.00","0.00","","","","0.00","0.00","","","","1.00","0.00","0.00","13.00",""
"гильотина новотроицк","2026-07-23 - 2026-08-23","1.00","0.00","0.00","2.00","","0.00","0.00","","1.00","0.00","0.00","2.00","","0.00","0.00","","","","0.00","0.00","","",""
"ремонт вальцовок для медных трубок в новосибирске","2026-07-23 - 2026-08-23","1.00","0.00","0.00","6.00","","0.00","0.00","","0.00","0.00","","","","1.00","0.00","0.00","6.00","","0.00","0.00","","",""
"услуга ремонт станков trumpf","2026-07-23 - 2026-08-23","1.00","0.00","0.00","28.00","","0.00","0.00","","0.00","0.00","","","","0.00","0.00","","","","1.00","0.00","0.00","28.00",""
"ремонт гибочного пресса с чпу","2026-07-23 - 2026-08-23","1.00","0.00","0.00","23.00","","0.00","0.00","","0.00","0.00","","","","0.00","0.00","","","","1.00","0.00","0.00","23.00",""
"ремонт гильотинремонт гильотины drobilka.ru","2026-07-23 - 2026-08-23","1.00","0.00","0.00","6.00","","0.00","0.00","","0.00","0.00","","","","1.00","0.00","0.00","6.00","","0.00","0.00","","",""
"контроллер delem da-69t коды ошибок s9010","2026-07-23 - 2026-08-23","1.00","0.00","0.00","7.00","","0.00","0.00","","0.00","0.00","","","","1.00","0.00","0.00","7.00","","0.00","0.00","","",""
"ремонт гибочного станка","2026-07-23 - 2026-08-23","1.00","0.00","0.00","42.00","","0.00","0.00","","0.00","0.00","","","","0.00","0.00","","","","1.00","0.00","0.00","42.00",""
"услуга ремонт ленточных пил","2026-07-23 - 2026-08-23","1.00","0.00","0.00","5.00","","0.00","0.00","","0.00","0.00","","","","1.00","0.00","0.00","5.00","","0.00","0.00","","",""
"чпу станок не работает монитор","2026-07-23 - 2026-08-23","1.00","0.00","0.00","13.00","","0.00","0.00","","0.00","0.00","","","","0.00","0.00","","","","1.00","0.00","0.00","13.00",""
"ремонт вальцовочного станка metal master esr 1320","2026-07-23 - 2026-08-23","1.00","0.00","0.00","5.00","","0.00","0.00","","0.00","0.00","","","","1.00","0.00","0.00","5.00","","0.00","0.00","","",""
"ремонт и дозаправка гидроаккумулятора гильотинных ножниц вариф","2026-07-23 - 2026-08-23","1.00","0.00","0.00","10.00","","0.00","0.00","","0.00","0.00","","","","1.00","0.00","0.00","10.00","","0.00","0.00","","",""
"пайка ленты для ленточной пилы сочи","2026-07-23 - 2026-08-23","1.00","0.00","0.00","3.00","","0.00","0.00","","1.00","0.00","0.00","3.00","","0.00","0.00","","","","0.00","0.00","","",""
"диагностика листогиба","2026-07-23 - 2026-08-23","1.00","0.00","0.00","9.00","","0.00","0.00","","0.00","0.00","","","","1.00","0.00","0.00","9.00","","0.00","0.00","","",""
"не крутится стойка монитор чпу","2026-07-23 - 2026-08-23","1.00","0.00","0.00","3.00","","0.00","0.00","","1.00","0.00","0.00","3.00","","0.00","0.00","","","","0.00","0.00","","",""
"ремонт матрицы гибочника","2026-07-23 - 2026-08-23","1.00","0.00","0.00","3.00","","0.00","0.00","","1.00","0.00","0.00","3.00","","0.00","0.00","","","","0.00","0.00","","",""
"концевик осей y 1 и 2 на листогибочном станке durma","2026-07-23 - 2026-08-23","1.00","0.00","0.00","8.00","","0.00","0.00","","0.00","0.00","","","","1.00","0.00","0.00","8.00","","0.00","0.00","","",""
"услуги листогиба в назарово адрес","2026-07-23 - 2026-08-23","1.00","0.00","0.00","8.00","","0.00","0.00","","0.00","0.00","","","","1.00","0.00","0.00","8.00","","0.00","0.00","","",""
"ремонт станков по дерепу","2026-07-23 - 2026-08-23","1.00","0.00","0.00","20.00","","0.00","0.00","","0.00","0.00","","","","0.00","0.00","","","","1.00","0.00","0.00","20.00",""
"листогиб не догибает по середине","2026-07-23 - 2026-08-23","1.00","0.00","0.00","6.00","","0.00","0.00","","0.00","0.00","","","","1.00","0.00","0.00","6.00","","0.00","0.00","","",""
"контролёр delem da-69t коды ошибок s9002","2026-07-23 - 2026-08-23","1.00","0.00","0.00","7.00","","0.00","0.00","","0.00","0.00","","","","1.00","0.00","0.00","7.00","","0.00","0.00","","",""
"ремонт гидравлического трубогиба в екатеринбурге","2026-07-23 - 2026-08-23","1.00","0.00","0.00","7.00","","0.00","0.00","","0.00","0.00","","","","1.00","0.00","0.00","7.00","","0.00","0.00","","",""
"цилиндр гибочного станка медленно опускается причины","2026-07-23 - 2026-08-23","1.00","0.00","0.00","9.00","","0.00","0.00","","0.00","0.00","","","","1.00","0.00","0.00","9.00","","0.00","0.00","","",""
"что может быть с датчиком на гибочном станке","2026-07-23 - 2026-08-23","1.00","0.00","0.00","19.00","","0.00","0.00","","0.00","0.00","","","","0.00","0.00","","","","1.00","0.00","0.00","19.00",""
"услуга ремонт ленточных п","2026-07-23 - 2026-08-23","1.00","0.00","0.00","8.00","","0.00","0.00","","0.00","0.00","","","","1.00","0.00","0.00","8.00","","0.00","0.00","","",""
"по каким причинам на листогибе постоянно работает медленный ход только на опускание","2026-07-23 - 2026-08-23","1.00","0.00","0.00","5.00","","0.00","0.00","","0.00","0.00","","","","1.00","0.00","0.00","5.00","","0.00","0.00","","",""
"бронко ремонт гильотин","2026-07-23 - 2026-08-23","1.00","0.00","0.00","5.00","","0.00","0.00","","0.00","0.00","","","","1.00","0.00","0.00","5.00","","0.00","0.00","","",""
"контролёр delem da-69t коды ошибок s9008","2026-07-23 - 2026-08-23","1.00","0.00","0.00","7.00","","0.00","0.00","","0.00","0.00","","","","1.00","0.00","0.00","7.00","","0.00","0.00","","",""
"на листогибе щелчок","2026-07-23 - 2026-08-23","1.00","1.00","100.00","3.00","3.00","0.00","0.00","","1.00","1.00","100.00","3.00","3.00","0.00","0.00","","","","0.00","0.00","","",""
"что нужно сделать при обнаружении нетипичного звука или вибрации во время холостого запуска на листогибочном станке","2026-07-23 - 2026-08-23","1.00","0.00","0.00","11.00","","0.00","0.00","","0.00","0.00","","","","0.00","0.00","","","","1.00","0.00","0.00","11.00",""
"ремонт листолиба эрмаксан","2026-07-23 - 2026-08-23","1.00","0.00","0.00","9.00","","0.00","0.00","","0.00","0.00","","","","1.00","0.00","0.00","9.00","","0.00","0.00","","",""
"ремонт эл пилы в полевском","2026-07-23 - 2026-08-23","1.00","0.00","0.00","9.00","","0.00","0.00","","0.00","0.00","","","","1.00","0.00","0.00","9.00","","0.00","0.00","","",""
"листогиб ошибка pe0008","2026-07-23 - 2026-08-23","1.00","0.00","0.00","11.00","","0.00","0.00","","0.00","0.00","","","","0.00","0.00","","","","1.00","0.00","0.00","11.00",""
"выездной ремонт станков одинцово diamaster ks-600","2026-07-23 - 2026-08-23","1.00","0.00","0.00","12.00","","0.00","0.00","","0.00","0.00","","","","0.00","0.00","","","","1.00","0.00","0.00","12.00",""
"ремонт гальетины на термоформере ножи","2026-07-23 - 2026-08-23","1.00","1.00","100.00","2.00","2.00","0.00","0.00","","1.00","1.00","100.00","2.00","2.00","0.00","0.00","","","","0.00","0.00","","",""
"когда в ремонте гильотина","2026-07-23 - 2026-08-23","1.00","0.00","0.00","7.00","","0.00","0.00","","0.00","0.00","","","","1.00","0.00","0.00","7.00","","0.00","0.00","","",""
"ремонт станков гильотин","2026-07-23 - 2026-08-23","1.00","0.00","0.00","7.00","","0.00","0.00","","0.00","0.00","","","","1.00","0.00","0.00","7.00","","0.00","0.00","","",""
"кто ремонтирует пилы в камышлове","2026-07-23 - 2026-08-23","1.00","0.00","0.00","7.00","","0.00","0.00","","0.00","0.00","","","","1.00","0.00","0.00","7.00","","0.00","0.00","","",""
"ремонт станков и оборудования металлообработка","2026-07-23 - 2026-08-23","1.00","0.00","0.00","21.00","","0.00","0.00","","0.00","0.00","","","","0.00","0.00","","","","1.00","0.00","0.00","21.00",""
"ермаксан листогиб ремонт","2026-07-23 - 2026-08-23","1.00","0.00","0.00","4.00","","0.00","0.00","","0.00","0.00","","","","1.00","0.00","0.00","4.00","","0.00","0.00","","",""
"проблема чпу станка не выходит из reset","2026-07-23 - 2026-08-23","1.00","0.00","0.00","12.00","","0.00","0.00","","0.00","0.00","","","","0.00","0.00","","","","1.00","0.00","0.00","12.00",""
"ремонт станков деревообрабатывающих quadro-technology","2026-07-23 - 2026-08-23","1.00","0.00","0.00","6.00","","0.00","0.00","","0.00","0.00","","","","1.00","0.00","0.00","6.00","","0.00","0.00","","",""
"ремонт гибочного станка не работает в одну сторону","2026-07-23 - 2026-08-23","1.00","0.00","0.00","5.00","","0.00","0.00","","0.00","0.00","","","","1.00","0.00","0.00","5.00","","0.00","0.00","","",""
"мкд 24 станок","2026-07-23 - 2026-08-23","1.00","0.00","0.00","12.00","","0.00","0.00","","0.00","0.00","","","","0.00","0.00","","","","1.00","0.00","0.00","12.00",""
"отремонтировать ленточную пилу кт400 во владимире","2026-07-23 - 2026-08-23","1.00","1.00","100.00","4.00","4.00","0.00","0.00","","0.00","0.00","","","","1.00","1.00","100.00","4.00","4.00","0.00","0.00","","",""
"обслуживание станков и оборудования","2026-07-23 - 2026-08-23","1.00","0.00","0.00","12.00","","0.00","0.00","","0.00","0.00","","","","0.00","0.00","","","","1.00","0.00","0.00","12.00",""
"поломки листогиба серии wa67y","2026-07-23 - 2026-08-23","1.00","0.00","0.00","4.00","","0.00","0.00","","0.00","0.00","","","","1.00","0.00","0.00","4.00","","0.00","0.00","","",""
"виды брака после листогибочного станка чпу","2026-07-23 - 2026-08-23","1.00","0.00","0.00","10.00","","0.00","0.00","","0.00","0.00","","","","1.00","0.00","0.00","10.00","","0.00","0.00","","",""
"алиса почему станок не хочет гнуть","2026-07-23 - 2026-08-23","1.00","0.00","0.00","9.00","","0.00","0.00","","0.00","0.00","","","","1.00","0.00","0.00","9.00","","0.00","0.00","","",""
"сервис ленточных пил в","2026-07-23 - 2026-08-23","1.00","1.00","100.00","2.00","2.00","0.00","0.00","","1.00","1.00","100.00","2.00","2.00","0.00","0.00","","","","0.00","0.00","","",""
"настройщик гильотины","2026-07-23 - 2026-08-23","1.00","0.00","0.00","7.00","","0.00","0.00","","0.00","0.00","","","","1.00","0.00","0.00","7.00","","0.00","0.00","","",""
"ремонт станков москва","2026-07-23 - 2026-08-23","1.00","0.00","0.00","41.00","","0.00","0.00","","0.00","0.00","","","","0.00","0.00","","","","1.00","0.00","0.00","41.00",""
"зависает гибочный станок","2026-07-23 - 2026-08-23","1.00","0.00","0.00","10.00","","0.00","0.00","","0.00","0.00","","","","1.00","0.00","0.00","10.00","","0.00","0.00","","",""
"гибочный станок недогибает с одной стороны","2026-07-23 - 2026-08-23","1.00","0.00","0.00","11.00","","0.00","0.00","","0.00","0.00","","","","0.00","0.00","","","","1.00","0.00","0.00","11.00",""
"развалилась муфта на гильотинных ножниц","2026-07-23 - 2026-08-23","1.00","0.00","0.00","12.00","","0.00","0.00","","0.00","0.00","","","","0.00","0.00","","","","1.00","0.00","0.00","12.00",""
"станок листогибочный неисправности","2026-07-23 - 2026-08-23","1.00","0.00","0.00","6.00","","0.00","0.00","","0.00","0.00","","","","1.00","0.00","0.00","6.00","","0.00","0.00","","",""
"ремонт гильотин полиграфических","2026-07-23 - 2026-08-23","1.00","0.00","0.00","4.00","","0.00","0.00","","0.00","0.00","","","","1.00","0.00","0.00","4.00","","0.00","0.00","","",""
"ремонт delem","2026-07-23 - 2026-08-23","1.00","0.00","0.00","10.00","","0.00","0.00","","0.00","0.00","","","","1.00","0.00","0.00","10.00","","0.00","0.00","","",""
"delem не делает обнуление","2026-07-23 - 2026-08-23","1.00","0.00","0.00","5.00","","0.00","0.00","","0.00","0.00","","","","1.00","0.00","0.00","5.00","","0.00","0.00","","",""
"гидравлический листогиб ремонт","2026-07-23 - 2026-08-23","1.00","0.00","0.00","6.00","","0.00","0.00","","0.00","0.00","","","","1.00","0.00","0.00","6.00","","0.00","0.00","","",""
"ремонт матрицы листогибочного станка","2026-07-23 - 2026-08-23","1.00","0.00","0.00","7.00","","0.00","0.00","","0.00","0.00","","","","1.00","0.00","0.00","7.00","","0.00","0.00","","",""
"ремонт гильотины красноярске","2026-07-23 - 2026-08-23","1.00","0.00","0.00","11.00","","0.00","0.00","","0.00","0.00","","","","0.00","0.00","","","","1.00","0.00","0.00","11.00",""
"почему на листогибе и1330 одна сторона обгоняет другую","2026-07-23 - 2026-08-23","1.00","0.00","0.00","12.00","","0.00","0.00","","0.00","0.00","","","","0.00","0.00","","","","1.00","0.00","0.00","12.00",""
"стойка управления неисправности","2026-07-23 - 2026-08-23","1.00","0.00","0.00","4.00","","0.00","0.00","","0.00","0.00","","","","1.00","0.00","0.00","4.00","","0.00","0.00","","",""
"замена delem","2026-07-23 - 2026-08-23","1.00","0.00","0.00","3.00","","0.00","0.00","","1.00","0.00","0.00","3.00","","0.00","0.00","","","","0.00","0.00","","",""
"ремонт пилы углич","2026-07-23 - 2026-08-23","1.00","0.00","0.00","9.00","","0.00","0.00","","0.00","0.00","","","","1.00","0.00","0.00","9.00","","0.00","0.00","","",""
"delem ошибка s9170","2026-07-23 - 2026-08-23","1.00","0.00","0.00","5.00","","0.00","0.00","","0.00","0.00","","","","1.00","0.00","0.00","5.00","","0.00","0.00","","",""
"ремонт старых станков","2026-07-23 - 2026-08-23","1.00","0.00","0.00","37.00","","0.00","0.00","","0.00","0.00","","","","0.00","0.00","","","","1.00","0.00","0.00","37.00",""
"вибрация листогибочного пресса при опускании","2026-07-23 - 2026-08-23","1.00","0.00","0.00","13.00","","0.00","0.00","","0.00","0.00","","","","0.00","0.00","","","","1.00","0.00","0.00","13.00",""
"листогиб гидравлический работает рывками","2026-07-23 - 2026-08-23","1.00","0.00","0.00","10.00","","0.00","0.00","","0.00","0.00","","","","1.00","0.00","0.00","10.00","","0.00","0.00","","",""
"ремонт бензиновых пил в ковылкино","2026-07-23 - 2026-08-23","1.00","0.00","0.00","3.00","","0.00","0.00","","1.00","0.00","0.00","3.00","","0.00","0.00","","","","0.00","0.00","","",""
"обслужить гильотину","2026-07-23 - 2026-08-23","1.00","0.00","0.00","7.00","","0.00","0.00","","0.00","0.00","","","","1.00","0.00","0.00","7.00","","0.00","0.00","","",""
"листогибочный станок дурма после отключения безопасности стал медленный","2026-07-23 - 2026-08-23","1.00","0.00","0.00","5.00","","0.00","0.00","","0.00","0.00","","","","1.00","0.00","0.00","5.00","","0.00","0.00","","",""
"ремонт листогиба akn","2026-07-23 - 2026-08-23","1.00","0.00","0.00","6.00","","0.00","0.00","","0.00","0.00","","","","1.00","0.00","0.00","6.00","","0.00","0.00","","",""
"новосибирск где находится мастерская трубогиба","2026-07-23 - 2026-08-23","1.00","0.00","0.00","10.00","","0.00","0.00","","0.00","0.00","","","","1.00","0.00","0.00","10.00","","0.00","0.00","","",""
"davi mcbf-20 ремонт вальцов","2026-07-23 - 2026-08-23","1.00","1.00","100.00","9.00","9.00","0.00","0.00","","0.00","0.00","","","","1.00","1.00","100.00","9.00","9.00","0.00","0.00","","",""
"где отремонтировать трубогиб","2026-07-23 - 2026-08-23","1.00","0.00","0.00","4.00","","0.00","0.00","","0.00","0.00","","","","1.00","0.00","0.00","4.00","","0.00","0.00","","",""
"ремонт гильотины красноярска","2026-07-23 - 2026-08-23","1.00","0.00","0.00","9.00","","0.00","0.00","","0.00","0.00","","","","1.00","0.00","0.00","9.00","","0.00","0.00","","",""
"листогиб не отпускает","2026-07-23 - 2026-08-23","1.00","0.00","0.00","4.00","","0.00","0.00","","0.00","0.00","","","","1.00","0.00","0.00","4.00","","0.00","0.00","","",""
"листогибочный станок с чпу тормозит во время работы","2026-07-23 - 2026-08-23","1.00","0.00","0.00","8.00","","0.00","0.00","","0.00","0.00","","","","1.00","0.00","0.00","8.00","","0.00","0.00","","",""
"стойка делем инструкция","2026-07-23 - 2026-08-23","1.00","0.00","0.00","5.00","","0.00","0.00","","0.00","0.00","","","","1.00","0.00","0.00","5.00","","0.00","0.00","","",""
"ремонт пил в усть куте","2026-07-23 - 2026-08-23","1.00","0.00","0.00","6.00","","0.00","0.00","","0.00","0.00","","","","1.00","0.00","0.00","6.00","","0.00","0.00","","",""
"ремонт трубогибов в красноярске","2026-07-23 - 2026-08-23","1.00","0.00","0.00","4.00","","0.00","0.00","","0.00","0.00","","","","1.00","0.00","0.00","4.00","","0.00","0.00","","",""
"частые поломки гибочного станка","2026-07-23 - 2026-08-23","1.00","0.00","0.00","7.00","","0.00","0.00","","0.00","0.00","","","","1.00","0.00","0.00","7.00","","0.00","0.00","","",""
"листогиб гидравлический работает рывками причина","2026-07-23 - 2026-08-23","1.00","0.00","0.00","13.00","","0.00","0.00","","0.00","0.00","","","","0.00","0.00","","","","1.00","0.00","0.00","13.00",""
"моршанск ремонт бензопил.","2026-07-23 - 2026-08-23","1.00","0.00","0.00","10.00","","0.00","0.00","","0.00","0.00","","","","1.00","0.00","0.00","10.00","","0.00","0.00","","",""
"на листогибочном станке не поднимается поворотный стол причина","2026-07-23 - 2026-08-23","1.00","0.00","0.00","9.00","","0.00","0.00","","0.00","0.00","","","","1.00","0.00","0.00","9.00","","0.00","0.00","","",""
"трубогиб и профилегиб в чем отличие","2026-07-23 - 2026-08-23","1.00","0.00","0.00","6.00","","0.00","0.00","","0.00","0.00","","","","1.00","0.00","0.00","6.00","","0.00","0.00","","",""
"работа на стойке delem da 66t станок borbet","2026-07-23 - 2026-08-23","1.00","0.00","0.00","12.00","","0.00","0.00","","0.00","0.00","","","","0.00","0.00","","","","1.00","0.00","0.00","12.00",""
"что за ошибка у листогиба amd 10031 b0424","2026-07-23 - 2026-08-23","1.00","0.00","0.00","6.00","","0.00","0.00","","0.00","0.00","","","","1.00","0.00","0.00","6.00","","0.00","0.00","","",""
"ремонт станков лидвелл","2026-07-23 - 2026-08-23","1.00","0.00","0.00","6.00","","0.00","0.00","","0.00","0.00","","","","1.00","0.00","0.00","6.00","","0.00","0.00","","",""
"ремонт пил в бабаево","2026-07-23 - 2026-08-23","1.00","0.00","0.00","8.00","","0.00","0.00","","0.00","0.00","","","","1.00","0.00","0.00","8.00","","0.00","0.00","","",""
"ремонт листогибочного","2026-07-23 - 2026-08-23","1.00","0.00","0.00","7.00","","0.00","0.00","","0.00","0.00","","","","1.00","0.00","0.00","7.00","","0.00","0.00","","",""
"техническое обслуживание трубогибочных станков в самаре","2026-07-23 - 2026-08-23","1.00","0.00","0.00","4.00","","0.00","0.00","","0.00","0.00","","","","1.00","0.00","0.00","4.00","","0.00","0.00","","",""
"листогиб не меняет угол","2026-07-23 - 2026-08-23","1.00","0.00","0.00","9.00","","0.00","0.00","","0.00","0.00","","","","1.00","0.00","0.00","9.00","","0.00","0.00","","",""
"замена перепускного клапана в гильотине дурма видео","2026-07-23 - 2026-08-23","1.00","0.00","0.00","10.00","","0.00","0.00","","0.00","0.00","","","","1.00","0.00","0.00","10.00","","0.00","0.00","","",""
"поломки гибочного станка для списания","2026-07-23 - 2026-08-23","1.00","0.00","0.00","6.00","","0.00","0.00","","0.00","0.00","","","","1.00","0.00","0.00","6.00","","0.00","0.00","","",""
"приклинивает правая сторона листогиба","2026-07-23 - 2026-08-23","1.00","0.00","0.00","10.00","","0.00","0.00","","0.00","0.00","","","","1.00","0.00","0.00","10.00","","0.00","0.00","","",""
"гидравлический листогиб ремонт донецк","2026-07-23 - 2026-08-23","1.00","0.00","0.00","2.00","","0.00","0.00","","1.00","0.00","0.00","2.00","","0.00","0.00","","","","0.00","0.00","","",""
"гибочный станок гудит и моросит при работе","2026-07-23 - 2026-08-23","1.00","0.00","0.00","4.00","","0.00","0.00","","0.00","0.00","","","","1.00","0.00","0.00","4.00","","0.00","0.00","","",""
"листогиб зажал и не поднимается","2026-07-23 - 2026-08-23","1.00","0.00","0.00","10.00","","0.00","0.00","","0.00","0.00","","","","1.00","0.00","0.00","10.00","","0.00","0.00","","",""
"листогиб kpa 135/3200 падает одна сторона","2026-07-23 - 2026-08-23","1.00","0.00","0.00","12.00","","0.00","0.00","","0.00","0.00","","","","0.00","0.00","","","","1.00","0.00","0.00","12.00",""
"чиним станки","2026-07-23 - 2026-08-23","1.00","0.00","0.00","7.00","","0.00","0.00","","0.00","0.00","","","","1.00","0.00","0.00","7.00","","0.00","0.00","","",""
"ремонт ручного гидравлического трубогиба в екатеринбурге","2026-07-23 - 2026-08-23","1.00","0.00","0.00","6.00","","0.00","0.00","","0.00","0.00","","","","1.00","0.00","0.00","6.00","","0.00","0.00","","",""
"ремонт разорвавшиеся ленточные пилы тула","2026-07-23 - 2026-08-23","1.00","1.00","100.00","3.00","3.00","0.00","0.00","","1.00","1.00","100.00","3.00","3.00","0.00","0.00","","","","0.00","0.00","","",""
"у листогиб не регулируется поршень","2026-07-23 - 2026-08-23","1.00","0.00","0.00","12.00","","0.00","0.00","","0.00","0.00","","","","0.00","0.00","","","","1.00","0.00","0.00","12.00",""
"ремонт листогиба москва","2026-07-23 - 2026-08-23","1.00","0.00","0.00","8.00","","0.00","0.00","","0.00","0.00","","","","1.00","0.00","0.00","8.00","","0.00","0.00","","",""
"почему гибочный станок не гнет когда масло отработано","2026-07-23 - 2026-08-23","1.00","0.00","0.00","10.00","","0.00","0.00","","0.00","0.00","","","","1.00","0.00","0.00","10.00","","0.00","0.00","","",""
"сервис-инженер ремонтирует ленточнопильный станок","2026-07-23 - 2026-08-23","1.00","0.00","0.00","11.00","","0.00","0.00","","0.00","0.00","","","","0.00","0.00","","","","1.00","0.00","0.00","11.00",""
"delem программа встал станок","2026-07-23 - 2026-08-23","1.00","1.00","100.00","2.00","2.00","0.00","0.00","","1.00","1.00","100.00","2.00","2.00","0.00","0.00","","","","0.00","0.00","","",""
"как прокачать систему, сменить масло, промыть бак на ленточно-пильном станке bs-170g","2026-07-23 - 2026-08-23","1.00","0.00","0.00","23.00","","0.00","0.00","","0.00","0.00","","","","0.00","0.00","","","","1.00","0.00","0.00","23.00",""
"ремонт и обслуживание листогибов dener днр.","2026-07-23 - 2026-08-23","1.00","0.00","0.00","1.00","","1.00","0.00","0.00","0.00","0.00","","","","0.00","0.00","","","","0.00","0.00","","",""
"ремонт гильотины для рубки металла в белгороде","2026-07-23 - 2026-08-23","1.00","1.00","100.00","3.00","3.00","0.00","0.00","","1.00","1.00","100.00","3.00","3.00","0.00","0.00","","","","0.00","0.00","","",""
"ремонт трубогибочных станков stark","2026-07-23 - 2026-08-23","1.00","0.00","0.00","29.00","","0.00","0.00","","0.00","0.00","","","","0.00","0.00","","","","1.00","0.00","0.00","29.00",""
"контроллер delem da-69t коды ошибок s9029","2026-07-23 - 2026-08-23","1.00","0.00","0.00","6.00","","0.00","0.00","","0.00","0.00","","","","1.00","0.00","0.00","6.00","","0.00","0.00","","",""
"ремонт трубогиба чехия","2026-07-23 - 2026-08-23","1.00","0.00","0.00","6.00","","0.00","0.00","","0.00","0.00","","","","1.00","0.00","0.00","6.00","","0.00","0.00","","",""
"24stanki@gmail.com","2026-07-23 - 2026-08-23","1.00","1.00","100.00","3.00","3.00","0.00","0.00","","1.00","1.00","100.00","3.00","3.00","0.00","0.00","","","","0.00","0.00","","",""
"delem da-58t ошибка d0297","2026-07-23 - 2026-08-23","1.00","0.00","0.00","4.00","","0.00","0.00","","0.00","0.00","","","","1.00","0.00","0.00","4.00","","0.00","0.00","","",""
"зазор между ножами гильотины таблица srfatlant","2026-07-23 - 2026-08-23","1.00","0.00","0.00","9.00","","0.00","0.00","","0.00","0.00","","","","1.00","0.00","0.00","9.00","","0.00","0.00","","",""
"причины нестабильного гиба на листогибочном станке","2026-07-23 - 2026-08-23","1.00","0.00","0.00","7.00","","0.00","0.00","","0.00","0.00","","","","1.00","0.00","0.00","7.00","","0.00","0.00","","",""
"система elite листогиб ошибки","2026-07-23 - 2026-08-23","1.00","1.00","100.00","1.00","1.00","1.00","1.00","100.00","0.00","0.00","","","","0.00","0.00","","","","0.00","0.00","","",""
"услуга ремонт листогибочных станков","2026-07-23 - 2026-08-23","1.00","0.00","0.00","28.00","","0.00","0.00","","0.00","0.00","","","","0.00","0.00","","","","1.00","0.00","0.00","28.00",""
"ремонт ленточнопильного станка в симферополе белмаш","2026-07-23 - 2026-08-23","1.00","0.00","0.00","4.00","","0.00","0.00","","0.00","0.00","","","","1.00","0.00","0.00","4.00","","0.00","0.00","","",""
"как произвести замену нерабочего драйвера на новый на станках с чпу","2026-07-23 - 2026-08-23","1.00","0.00","0.00","12.00","","0.00","0.00","","0.00","0.00","","","","0.00","0.00","","","","1.00","0.00","0.00","12.00",""
"гидравлический листогиб не догибает после некоторого времени работы","2026-07-23 - 2026-08-23","1.00","0.00","0.00","7.00","","0.00","0.00","","0.00","0.00","","","","1.00","0.00","0.00","7.00","","0.00","0.00","","",""
"ремонт бензопил в каргополе","2026-07-23 - 2026-08-23","1.00","0.00","0.00","8.00","","0.00","0.00","","0.00","0.00","","","","1.00","0.00","0.00","8.00","","0.00","0.00","","",""
"замена ножей на китайской гильотине","2026-07-23 - 2026-08-23","1.00","0.00","0.00","3.00","","0.00","0.00","","1.00","0.00","0.00","3.00","","0.00","0.00","","","","0.00","0.00","","",""
"специалист по настройке гильотины для багета свердловская область","2026-07-23 - 2026-08-23","1.00","0.00","0.00","8.00","","0.00","0.00","","0.00","0.00","","","","1.00","0.00","0.00","8.00","","0.00","0.00","","",""
"обслуживание листогиба","2026-07-23 - 2026-08-23","1.00","0.00","0.00","4.00","","0.00","0.00","","0.00","0.00","","","","1.00","0.00","0.00","4.00","","0.00","0.00","","",""
"ремонт бензопил малая вишера мастер","2026-07-23 - 2026-08-23","1.00","0.00","0.00","8.00","","0.00","0.00","","0.00","0.00","","","","1.00","0.00","0.00","8.00","","0.00","0.00","","",""
"ремонт деревообрабатывающих станков москве в quadrо-teсhnоlogy4-v7","2026-07-23 - 2026-08-23","1.00","0.00","0.00","10.00","","0.00","0.00","","0.00","0.00","","","","1.00","0.00","0.00","10.00","","0.00","0.00","","",""
"ремонт листогиба самара","2026-07-23 - 2026-08-23","1.00","0.00","0.00","3.00","","0.00","0.00","","1.00","0.00","0.00","3.00","","0.00","0.00","","","","0.00","0.00","","",""
"ремонт гильотиновых ножниц нгм 6.3","2026-07-23 - 2026-08-23","1.00","1.00","100.00","6.00","6.00","0.00","0.00","","0.00","0.00","","","","1.00","1.00","100.00","6.00","6.00","0.00","0.00","","",""
"ошибки delem","2026-07-23 - 2026-08-23","1.00","0.00","0.00","1.00","","1.00","0.00","0.00","0.00","0.00","","","","0.00","0.00","","","","0.00","0.00","","",""
"ремонт бензопил малая вишера","2026-07-23 - 2026-08-23","1.00","0.00","0.00","10.00","","0.00","0.00","","0.00","0.00","","","","1.00","0.00","0.00","10.00","","0.00","0.00","","",""
"не крутится стойка чпу","2026-07-23 - 2026-08-23","1.00","0.00","0.00","7.00","","0.00","0.00","","0.00","0.00","","","","1.00","0.00","0.00","7.00","","0.00","0.00","","",""
"http://stanki-remont.ru/","2026-07-23 - 2026-08-23","1.00","0.00","0.00","10.00","","0.00","0.00","","0.00","0.00","","","","1.00","0.00","0.00","10.00","","0.00","0.00","","",""
"чем отличается трубогиб от профилегиба","2026-07-23 - 2026-08-23","1.00","0.00","0.00","5.00","","0.00","0.00","","0.00","0.00","","","","1.00","0.00","0.00","5.00","","0.00","0.00","","",""
"листогиб ермаксан с чпу стойка сиберика медленно опускается балка в чем проблема","2026-07-23 - 2026-08-23","1.00","0.00","0.00","9.00","","0.00","0.00","","0.00","0.00","","","","1.00","0.00","0.00","9.00","","0.00","0.00","","",""
"гибочный станок выдает ошибку the beam hasn t indexed properly","2026-07-23 - 2026-08-23","1.00","0.00","0.00","10.00","","0.00","0.00","","0.00","0.00","","","","1.00","0.00","0.00","10.00","","0.00","0.00","","",""
"ремонт гильотину","2026-07-23 - 2026-08-23","1.00","0.00","0.00","6.00","","0.00","0.00","","0.00","0.00","","","","1.00","0.00","0.00","6.00","","0.00","0.00","","",""
"на железной раме сложно вставать на станр","2026-07-23 - 2026-08-23","1.00","0.00","0.00","5.00","","0.00","0.00","","0.00","0.00","","","","1.00","0.00","0.00","5.00","","0.00","0.00","","",""
"24 станка","2026-07-23 - 2026-08-23","1.00","0.00","0.00","11.00","","0.00","0.00","","0.00","0.00","","","","0.00","0.00","","","","1.00","0.00","0.00","11.00",""
"delem da-52 в ручном режиме не изменить параметры y2","2026-07-23 - 2026-08-23","1.00","0.00","0.00","10.00","","0.00","0.00","","0.00","0.00","","","","1.00","0.00","0.00","10.00","","0.00","0.00","","",""
"d0258 ошибка листогиб","2026-07-23 - 2026-08-23","1.00","0.00","0.00","6.00","","0.00","0.00","","0.00","0.00","","","","1.00","0.00","0.00","6.00","","0.00","0.00","","",""
"гибочный станок ермаксан не поднимется после гибки","2026-07-23 - 2026-08-23","1.00","0.00","0.00","9.00","","0.00","0.00","","0.00","0.00","","","","1.00","0.00","0.00","9.00","","0.00","0.00","","",""
"где в донецке днр можно настроить или отремонтировать роликовые ножи для листогиба","2026-07-23 - 2026-08-23","1.00","4.00","400.00","2.00","2.00","0.00","0.00","","1.00","4.00","400.00","2.00","2.00","0.00","0.00","","","","0.00","0.00","","",""
"delem da-65w как поднять ось y","2026-07-23 - 2026-08-23","1.00","0.00","0.00","11.00","","0.00","0.00","","0.00","0.00","","","","0.00","0.00","","","","1.00","0.00","0.00","11.00",""
"гильотина н-475 ремонт","2026-07-23 - 2026-08-23","1.00","0.00","0.00","13.00","","0.00","0.00","","0.00","0.00","","","","0.00","0.00","","","","1.00","0.00","0.00","13.00",""
"износ вальцев","2026-07-23 - 2026-08-23","1.00","0.00","0.00","6.00","","0.00","0.00","","0.00","0.00","","","","1.00","0.00","0.00","6.00","","0.00","0.00","","",""
"листогиб delem моргает ресет ошибка м1501","2026-07-23 - 2026-08-23","1.00","0.00","0.00","7.00","","0.00","0.00","","0.00","0.00","","","","1.00","0.00","0.00","7.00","","0.00","0.00","","",""
"зависает листогиб delem","2026-07-23 - 2026-08-23","1.00","0.00","0.00","5.00","","0.00","0.00","","0.00","0.00","","","","1.00","0.00","0.00","5.00","","0.00","0.00","","",""
"delem da-66w сброс параметров по умолчанию","2026-07-23 - 2026-08-23","1.00","0.00","0.00","11.00","","0.00","0.00","","0.00","0.00","","","","0.00","0.00","","","","1.00","0.00","0.00","11.00",""
"лленточная пила bekamak частые поломки","2026-07-23 - 2026-08-23","1.00","0.00","0.00","4.00","","0.00","0.00","","0.00","0.00","","","","1.00","0.00","0.00","4.00","","0.00","0.00","","",""
"ремонт вальцовочных станков","2026-07-23 - 2026-08-23","1.00","0.00","0.00","7.00","","0.00","0.00","","0.00","0.00","","","","1.00","0.00","0.00","7.00","","0.00","0.00","","",""
"нож на гильотине не поднимается","2026-07-23 - 2026-08-23","1.00","0.00","0.00","11.00","","0.00","0.00","","0.00","0.00","","","","0.00","0.00","","","","1.00","0.00","0.00","11.00",""
"ремонт estun","2026-07-23 - 2026-08-23","1.00","0.00","0.00","9.00","","0.00","0.00","","0.00","0.00","","","","1.00","0.00","0.00","9.00","","0.00","0.00","","",""
"ремонт арматурогибов в тольятти","2026-07-23 - 2026-08-23","1.00","1.00","100.00","1.00","1.00","1.00","1.00","100.00","0.00","0.00","","","","0.00","0.00","","","","0.00","0.00","","",""
"настройка листогиба услуга","2026-07-23 - 2026-08-23","1.00","0.00","0.00","8.00","","0.00","0.00","","0.00","0.00","","","","1.00","0.00","0.00","8.00","","0.00","0.00","","",""
"ремонт гильотины по пластику","2026-07-23 - 2026-08-23","1.00","0.00","0.00","8.00","","0.00","0.00","","0.00","0.00","","","","1.00","0.00","0.00","8.00","","0.00","0.00","","",""
"гибочный станок не доги с одной стороны","2026-07-23 - 2026-08-23","1.00","1.00","100.00","3.00","3.00","0.00","0.00","","1.00","1.00","100.00","3.00","3.00","0.00","0.00","","","","0.00","0.00","","",""
"ремонт двигателя estun 08","2026-07-23 - 2026-08-23","1.00","0.00","0.00","10.00","","0.00","0.00","","0.00","0.00","","","","1.00","0.00","0.00","10.00","","0.00","0.00","","",""
"калибровка вальцов дурма","2026-07-23 - 2026-08-23","1.00","0.00","0.00","1.00","","1.00","0.00","0.00","0.00","0.00","","","","0.00","0.00","","","","0.00","0.00","","",""
"ремонт листогибочного станка екатеринбург","2026-07-23 - 2026-08-23","1.00","0.00","0.00","9.00","","0.00","0.00","","0.00","0.00","","","","1.00","0.00","0.00","9.00","","0.00","0.00","","",""
"ермаксан гибочный станок не опускается пуансон причина неисправности","2026-07-23 - 2026-08-23","1.00","0.00","0.00","7.00","","0.00","0.00","","0.00","0.00","","","","1.00","0.00","0.00","7.00","","0.00","0.00","","",""
"по каким причинам на листогибе металмастер 2040 постоянно работает медленный ход только на опускание","2026-07-23 - 2026-08-23","1.00","0.00","0.00","7.00","","0.00","0.00","","0.00","0.00","","","","1.00","0.00","0.00","7.00","","0.00","0.00","","",""
"ремонт трубогибочных станков","2026-07-23 - 2026-08-23","1.00","0.00","0.00","39.00","","0.00","0.00","","0.00","0.00","","","","0.00","0.00","","","","1.00","0.00","0.00","39.00",""
"ремонт электро вальцовки","2026-07-23 - 2026-08-23","1.00","0.00","0.00","5.00","","0.00","0.00","","0.00","0.00","","","","1.00","0.00","0.00","5.00","","0.00","0.00","","",""
"ремонт и обслуживание листогибов в московской области","2026-07-23 - 2026-08-23","1.00","0.00","0.00","6.00","","0.00","0.00","","0.00","0.00","","","","1.00","0.00","0.00","6.00","","0.00","0.00","","",""
"ремонт ленточных пил по дереву в рязани","2026-07-23 - 2026-08-23","1.00","0.00","0.00","6.00","","0.00","0.00","","0.00","0.00","","","","1.00","0.00","0.00","6.00","","0.00","0.00","","",""
"листогиб ремонт новосибирск","2026-07-23 - 2026-08-23","1.00","0.00","0.00","9.00","","0.00","0.00","","0.00","0.00","","","","1.00","0.00","0.00","9.00","","0.00","0.00","","",""
"ремонт ленточный пил для мясо сочи","2026-07-23 - 2026-08-23","1.00","0.00","0.00","3.00","","0.00","0.00","","1.00","0.00","0.00","3.00","","0.00","0.00","","","","0.00","0.00","","",""
"почему листогиб каждый раз гнет по разному","2026-07-23 - 2026-08-23","1.00","0.00","0.00","9.00","","0.00","0.00","","0.00","0.00","","","","1.00","0.00","0.00","9.00","","0.00","0.00","","",""
"стойка делем да66т ручной режим","2026-07-23 - 2026-08-23","1.00","0.00","0.00","9.00","","0.00","0.00","","0.00","0.00","","","","1.00","0.00","0.00","9.00","","0.00","0.00","","",""
"коды delem","2026-07-23 - 2026-08-23","1.00","0.00","0.00","10.00","","0.00","0.00","","0.00","0.00","","","","1.00","0.00","0.00","10.00","","0.00","0.00","","",""
"ремонт и настройка листогибов shechtl в спб","2026-07-23 - 2026-08-23","1.00","1.00","100.00","4.00","4.00","0.00","0.00","","0.00","0.00","","","","1.00","1.00","100.00","4.00","4.00","0.00","0.00","","",""
"крон сварог бирск","2026-07-23 - 2026-08-23","1.00","0.00","0.00","12.00","","0.00","0.00","","0.00","0.00","","","","0.00","0.00","","","","1.00","0.00","0.00","12.00",""
"ремонт гильотины для рубки металла не приходит 24 в на реле","2026-07-23 - 2026-08-23","1.00","0.00","0.00","9.00","","0.00","0.00","","0.00","0.00","","","","1.00","0.00","0.00","9.00","","0.00","0.00","","",""
"ремонт деревообрабатывающих станков в москве quadro-тechnоlo§gy","2026-07-23 - 2026-08-23","1.00","0.00","0.00","8.00","","0.00","0.00","","0.00","0.00","","","","1.00","0.00","0.00","8.00","","0.00","0.00","","",""
"ремонт сцепления строгального станка по металлу ст 58","2026-07-23 - 2026-08-23","1.00","0.00","0.00","12.00","","0.00","0.00","","0.00","0.00","","","","0.00","0.00","","","","1.00","0.00","0.00","12.00",""
"нисса ремонт гильотины","2026-07-23 - 2026-08-23","1.00","0.00","0.00","7.00","","0.00","0.00","","0.00","0.00","","","","1.00","0.00","0.00","7.00","","0.00","0.00","","",""
"ермаксан гибочный станок моменте залипает балка причина","2026-07-23 - 2026-08-23","1.00","0.00","0.00","7.00","","0.00","0.00","","0.00","0.00","","","","1.00","0.00","0.00","7.00","","0.00","0.00","","",""
"зависает листогиб delem по илинлрам y1 и y2","2026-07-23 - 2026-08-23","1.00","0.00","0.00","11.00","","0.00","0.00","","0.00","0.00","","","","0.00","0.00","","","","1.00","0.00","0.00","11.00",""
"листогиб китайский проблемы с гидравликой","2026-07-23 - 2026-08-23","1.00","0.00","0.00","10.00","","0.00","0.00","","0.00","0.00","","","","1.00","0.00","0.00","10.00","","0.00","0.00","","",""
"service.stanki.ru","2026-07-23 - 2026-08-23","1.00","0.00","0.00","20.00","","0.00","0.00","","0.00","0.00","","","","0.00","0.00","","","","1.00","0.00","0.00","20.00",""
"ремонт деревообрабатывающих станков в москве {quadro-тесhnоlоgy24}","2026-07-23 - 2026-08-23","1.00","0.00","0.00","8.00","","0.00","0.00","","0.00","0.00","","","","1.00","0.00","0.00","8.00","","0.00","0.00","","",""
"дергается ползунок листогиба причины","2026-07-23 - 2026-08-23","1.00","0.00","0.00","11.00","","0.00","0.00","","0.00","0.00","","","","0.00","0.00","","","","1.00","0.00","0.00","11.00",""
"ремонт пил великий устюг","2026-07-23 - 2026-08-23","1.00","0.00","0.00","5.00","","0.00","0.00","","0.00","0.00","","","","1.00","0.00","0.00","5.00","","0.00","0.00","","",""
"листогиб ошибка ползунок не останавливается","2026-07-23 - 2026-08-23","1.00","0.00","0.00","10.00","","0.00","0.00","","0.00","0.00","","","","1.00","0.00","0.00","10.00","","0.00","0.00","","",""
"листогиб ручной не зачеркивает края что может быть","2026-07-23 - 2026-08-23","1.00","0.00","0.00","10.00","","0.00","0.00","","0.00","0.00","","","","1.00","0.00","0.00","10.00","","0.00","0.00","","",""
"сервис ремонта лентопилочный станок в нижнем новгороде","2026-07-23 - 2026-08-23","1.00","0.00","0.00","4.00","","0.00","0.00","","0.00","0.00","","","","1.00","0.00","0.00","4.00","","0.00","0.00","","",""
"листогибочный станок станок мах-20-08 2,6м износ что может сломаться","2026-07-23 - 2026-08-23","1.00","1.00","100.00","4.00","4.00","0.00","0.00","","0.00","0.00","","","","1.00","1.00","100.00","4.00","4.00","0.00","0.00","","",""
"ремонт пил еманжелинск","2026-07-23 - 2026-08-23","1.00","0.00","0.00","7.00","","0.00","0.00","","0.00","0.00","","","","1.00","0.00","0.00","7.00","","0.00","0.00","","",""
"ремонт ленточных пил по мясу","2026-07-23 - 2026-08-23","1.00","0.00","0.00","22.00","","0.00","0.00","","0.00","0.00","","","","0.00","0.00","","","","1.00","0.00","0.00","22.00",""
"гильотина polap не опускается нож","2026-07-23 - 2026-08-23","1.00","0.00","0.00","21.00","","0.00","0.00","","0.00","0.00","","","","0.00","0.00","","","","1.00","0.00","0.00","21.00",""
"отличие профилегибочного станка от трубогибочного","2026-07-23 - 2026-08-23","1.00","0.00","0.00","8.00","","0.00","0.00","","0.00","0.00","","","","1.00","0.00","0.00","8.00","","0.00","0.00","","",""
"ремонт листогиба durma в томске","2026-07-23 - 2026-08-23","1.00","0.00","0.00","8.00","","0.00","0.00","","0.00","0.00","","","","1.00","0.00","0.00","8.00","","0.00","0.00","","",""
"ремонт станков по дерепу quadro-technology","2026-07-23 - 2026-08-23","1.00","0.00","0.00","8.00","","0.00","0.00","","0.00","0.00","","","","1.00","0.00","0.00","8.00","","0.00","0.00","","",""
"delem 66t отказ сенсора","2026-07-23 - 2026-08-23","1.00","0.00","0.00","7.00","","0.00","0.00","","0.00","0.00","","","","1.00","0.00","0.00","7.00","","0.00","0.00","","",""
"ремонт и обслуживание листогибов dener","2026-07-23 - 2026-08-23","1.00","5.00","500.00","6.00","6.00","0.00","0.00","","0.00","0.00","","","","1.00","5.00","500.00","6.00","6.00","0.00","0.00","","",""
"ремонт ножниц гильотинных","2026-07-23 - 2026-08-23","1.00","0.00","0.00","9.00","","0.00","0.00","","0.00","0.00","","","","1.00","0.00","0.00","9.00","","0.00","0.00","","",""
"почему магнитит листогибочный станок","2026-07-23 - 2026-08-23","1.00","0.00","0.00","5.00","","0.00","0.00","","0.00","0.00","","","","1.00","0.00","0.00","5.00","","0.00","0.00","","",""
"на листогибе перед гибкой стоит щелчок","2026-07-23 - 2026-08-23","1.00","0.00","0.00","5.00","","0.00","0.00","","0.00","0.00","","","","1.00","0.00","0.00","5.00","","0.00","0.00","","",""
"пила. починить номер телефона в калязине-тверская область.","2026-07-23 - 2026-08-23","1.00","0.00","0.00","10.00","","0.00","0.00","","0.00","0.00","","","","1.00","0.00","0.00","10.00","","0.00","0.00","","",""
"отличие трубогиба от профелегиба","2026-07-23 - 2026-08-23","1.00","0.00","0.00","3.00","","0.00","0.00","","1.00","0.00","0.00","3.00","","0.00","0.00","","","","0.00","0.00","","",""
"мастерская ремонт пил бабаево","2026-07-23 - 2026-08-23","1.00","0.00","0.00","9.00","","0.00","0.00","","0.00","0.00","","","","1.00","0.00","0.00","9.00","","0.00","0.00","","",""
"не крутится монитор чпу","2026-07-23 - 2026-08-23","1.00","0.00","0.00","4.00","","0.00","0.00","","0.00","0.00","","","","1.00","0.00","0.00","4.00","","0.00","0.00","","",""
"ремонт вальцовки аккумуляторных","2026-07-23 - 2026-08-23","1.00","0.00","0.00","10.00","","0.00","0.00","","0.00","0.00","","","","1.00","0.00","0.00","10.00","","0.00","0.00","","",""
"проверка станины на листогибочном станке","2026-07-23 - 2026-08-23","1.00","0.00","0.00","6.00","","0.00","0.00","","0.00","0.00","","","","1.00","0.00","0.00","6.00","","0.00","0.00","","",""
"ремонта гильотины","2026-07-23 - 2026-08-23","1.00","0.00","0.00","4.00","","0.00","0.00","","0.00","0.00","","","","1.00","0.00","0.00","4.00","","0.00","0.00","","",""
"как правильно писать .ремонт гильотины ножницы","2026-07-23 - 2026-08-23","1.00","0.00","0.00","9.00","","0.00","0.00","","0.00","0.00","","","","1.00","0.00","0.00","9.00","","0.00","0.00","","",""
"ремонт деревообрабатывающих станков в москве quadro-tec+hnology","2026-07-23 - 2026-08-23","1.00","0.00","0.00","10.00","","0.00","0.00","","0.00","0.00","","","","1.00","0.00","0.00","10.00","","0.00","0.00","","",""
"ремонт деревообрабатывающих станков в москве quаdrо-tеchnоlоgy№-v8","2026-07-23 - 2026-08-23","1.00","0.00","0.00","4.00","","0.00","0.00","","0.00","0.00","","","","1.00","0.00","0.00","4.00","","0.00","0.00","","",""
"в гидравлическом листогибе нажал кнопку диагностика как исправить ошибку","2026-07-23 - 2026-08-23","1.00","0.00","0.00","10.00","","0.00","0.00","","0.00","0.00","","","","1.00","0.00","0.00","10.00","","0.00","0.00","","",""
"листогиб amd 10031 ошибка d0424","2026-07-23 - 2026-08-23","1.00","0.00","0.00","9.00","","0.00","0.00","","0.00","0.00","","","","1.00","0.00","0.00","9.00","","0.00","0.00","","",""
"станок 24","2026-07-23 - 2026-08-23","1.00","0.00","0.00","9.00","","0.00","0.00","","0.00","0.00","","","","1.00","0.00","0.00","9.00","","0.00","0.00","","",""
"станок не видит привода","2026-07-23 - 2026-08-23","1.00","0.00","0.00","7.00","","0.00","0.00","","0.00","0.00","","","","1.00","0.00","0.00","7.00","","0.00","0.00","","",""
"демонтаж и монтаж гильотины цена","2026-07-23 - 2026-08-23","1.00","1.00","100.00","7.00","7.00","0.00","0.00","","0.00","0.00","","","","1.00","1.00","100.00","7.00","7.00","0.00","0.00","","",""
"неисправность эв в гибочном станке что это","2026-07-23 - 2026-08-23","1.00","0.00","0.00","10.00","","0.00","0.00","","0.00","0.00","","","","1.00","0.00","0.00","10.00","","0.00","0.00","","",""
"ремонт деревообрабатывающих станков в москве quаdrо-tеc8hnоlоgy-2024","2026-07-23 - 2026-08-23","1.00","0.00","0.00","7.00","","0.00","0.00","","0.00","0.00","","","","1.00","0.00","0.00","7.00","","0.00","0.00","","",""
"ремонт станков в москве","2026-07-23 - 2026-08-23","1.00","0.00","0.00","35.00","","0.00","0.00","","0.00","0.00","","","","0.00","0.00","","","","1.00","0.00","0.00","35.00",""
"ремонт стоек чпу","2026-07-23 - 2026-08-23","1.00","1.00","100.00","5.00","5.00","0.00","0.00","","0.00","0.00","","","","1.00","1.00","100.00","5.00","5.00","0.00","0.00","","",""
"мастер выездной который делает электрический пилы альметьевск","2026-07-23 - 2026-08-23","1.00","0.00","0.00","4.00","","0.00","0.00","","0.00","0.00","","","","1.00","0.00","0.00","4.00","","0.00","0.00","","",""
"контроллер delem da-69t коды ошибок s9012","2026-07-23 - 2026-08-23","1.00","0.00","0.00","7.00","","0.00","0.00","","0.00","0.00","","","","1.00","0.00","0.00","7.00","","0.00","0.00","","",""
"ремонт ленточная пила","2026-07-23 - 2026-08-23","1.00","0.00","0.00","5.00","","0.00","0.00","","0.00","0.00","","","","1.00","0.00","0.00","5.00","","0.00","0.00","","",""
"гибочный станок ermaksan не включается двигатель","2026-07-23 - 2026-08-23","1.00","0.00","0.00","3.00","","0.00","0.00","","1.00","0.00","0.00","3.00","","0.00","0.00","","","","0.00","0.00","","",""
"ремонт балки листогибочного станка замена держателя матрицы","2026-07-23 - 2026-08-23","1.00","0.00","0.00","13.00","","0.00","0.00","","0.00","0.00","","","","0.00","0.00","","","","1.00","0.00","0.00","13.00",""
"гибочный станок листогиб пневматический не срабатывает двигатель работает","2026-07-23 - 2026-08-23","1.00","0.00","0.00","4.00","","0.00","0.00","","0.00","0.00","","","","1.00","0.00","0.00","4.00","","0.00","0.00","","",""
"ремонт и обслуживание гильотин","2026-07-23 - 2026-08-23","1.00","0.00","0.00","3.00","","0.00","0.00","","1.00","0.00","0.00","3.00","","0.00","0.00","","","","0.00","0.00","","",""
"ремонт направляющей гильотины","2026-07-23 - 2026-08-23","1.00","0.00","0.00","8.00","","0.00","0.00","","0.00","0.00","","","","1.00","0.00","0.00","8.00","","0.00","0.00","","",""
"https://service-stanki.ru/price-list/tehnicheskoe_obslyzhivanie/","2026-07-23 - 2026-08-23","1.00","0.00","0.00","8.00","","0.00","0.00","","0.00","0.00","","","","1.00","0.00","0.00","8.00","","0.00","0.00","","",""
"когда громко клешний станок не пропускает кромку виноват ли компрессор","2026-07-23 - 2026-08-23","1.00","0.00","0.00","9.00","","0.00","0.00","","0.00","0.00","","","","1.00","0.00","0.00","9.00","","0.00","0.00","","",""
"ремонт и обслуживание станков","2026-07-23 - 2026-08-23","1.00","0.00","0.00","46.00","","0.00","0.00","","0.00","0.00","","","","0.00","0.00","","","","1.00","0.00","0.00","46.00",""
"где в городе шуя ивановской области ремонтируют дисковые электрические пилы с межвитковым замыканием","2026-07-23 - 2026-08-23","1.00","0.00","0.00","13.00","","0.00","0.00","","0.00","0.00","","","","0.00","0.00","","","","1.00","0.00","0.00","13.00",""
"листогиб починки","2026-07-23 - 2026-08-23","1.00","0.00","0.00","7.00","","0.00","0.00","","0.00","0.00","","","","1.00","0.00","0.00","7.00","","0.00","0.00","","",""
"реставрация масляных шлангов для прессов в сафоново","2026-07-23 - 2026-08-23","1.00","0.00","0.00","13.00","","0.00","0.00","","0.00","0.00","","","","0.00","0.00","","","","1.00","0.00","0.00","13.00",""
"почему уголок после изготовления на листогибе становится пропеллером на листогибе сталекс","2026-07-23 - 2026-08-23","1.00","0.00","0.00","18.00","","0.00","0.00","","0.00","0.00","","","","0.00","0.00","","","","1.00","0.00","0.00","18.00",""
"андрей горбунов ремонт техники","2026-07-23 - 2026-08-23","1.00","0.00","0.00","9.00","","0.00","0.00","","0.00","0.00","","","","1.00","0.00","0.00","9.00","","0.00","0.00","","",""
"когда нужно менять матрицу на гибочном станке","2026-07-23 - 2026-08-23","1.00","0.00","0.00","11.00","","0.00","0.00","","0.00","0.00","","","","0.00","0.00","","","","1.00","0.00","0.00","11.00",""
"ремонт гильотины на термоформере ножи вебоматик","2026-07-23 - 2026-08-23","1.00","0.00","0.00","2.00","","0.00","0.00","","1.00","0.00","0.00","2.00","","0.00","0.00","","","","0.00","0.00","","",""
"гибочный станок не доходит до конца","2026-07-23 - 2026-08-23","1.00","1.00","100.00","1.00","1.00","1.00","1.00","100.00","0.00","0.00","","","","0.00","0.00","","","","0.00","0.00","","",""
"замена вальцов","2026-07-23 - 2026-08-23","1.00","0.00","0.00","12.00","","0.00","0.00","","0.00","0.00","","","","0.00","0.00","","","","1.00","0.00","0.00","12.00",""
"сравнение профилегибов","2026-07-23 - 2026-08-23","1.00","0.00","0.00","8.00","","0.00","0.00","","0.00","0.00","","","","1.00","0.00","0.00","8.00","","0.00","0.00","","",""
"регулировка листогиба в калуге","2026-07-23 - 2026-08-23","1.00","0.00","0.00","5.00","","0.00","0.00","","0.00","0.00","","","","1.00","0.00","0.00","5.00","","0.00","0.00","","",""
"замена валов вальцевого станка №4 2ой сек","2026-07-23 - 2026-08-23","1.00","0.00","0.00","10.00","","0.00","0.00","","0.00","0.00","","","","1.00","0.00","0.00","10.00","","0.00","0.00","","",""
"зеленогорск гильотина","2026-07-23 - 2026-08-23","1.00","0.00","0.00","7.00","","0.00","0.00","","0.00","0.00","","","","1.00","0.00","0.00","7.00","","0.00","0.00","","",""
"замена валов вальцевых станков 1 др.с сп/ос (10, уклон 10%)","2026-07-23 - 2026-08-23","1.00","0.00","0.00","13.00","","0.00","0.00","","0.00","0.00","","","","0.00","0.00","","","","1.00","0.00","0.00","13.00",""
"гильотина polar ремонт спб выбрать сервис","2026-07-23 - 2026-08-23","1.00","0.00","0.00","8.00","","0.00","0.00","","0.00","0.00","","","","1.00","0.00","0.00","8.00","","0.00","0.00","","",""
"24stanki.ru","2026-07-23 - 2026-08-23","1.00","1.00","100.00","1.00","1.00","1.00","1.00","100.00","0.00","0.00","","","","0.00","0.00","","","","0.00","0.00","","",""
"delem 58t заменить батарейку","2026-07-23 - 2026-08-23","1.00","0.00","0.00","3.00","","0.00","0.00","","1.00","0.00","0.00","3.00","","0.00","0.00","","","","0.00","0.00","","",""
"для замены вальцев","2026-07-23 - 2026-08-23","1.00","0.00","0.00","11.00","","0.00","0.00","","0.00","0.00","","","","0.00","0.00","","","","1.00","0.00","0.00","11.00",""
"ремонт стойки чпу","2026-07-23 - 2026-08-23","1.00","0.00","0.00","14.00","","0.00","0.00","","0.00","0.00","","","","0.00","0.00","","","","1.00","0.00","0.00","14.00",""
"станки 24","2026-07-23 - 2026-08-23","1.00","0.00","0.00","8.00","","0.00","0.00","","0.00","0.00","","","","1.00","0.00","0.00","8.00","","0.00","0.00","","",""
"причины выхода из строя ручного гибочного листогиба","2026-07-23 - 2026-08-23","1.00","1.00","100.00","5.00","5.00","0.00","0.00","","0.00","0.00","","","","1.00","1.00","100.00","5.00","5.00","0.00","0.00","","",""
"ремонт ленточной пилы для мяса","2026-07-23 - 2026-08-23","1.00","0.00","0.00","24.00","","0.00","0.00","","0.00","0.00","","","","0.00","0.00","","","","1.00","0.00","0.00","24.00",""
"замена чпу листогиба на delem da 66t","2026-07-23 - 2026-08-23","1.00","0.00","0.00","5.00","","0.00","0.00","","0.00","0.00","","","","1.00","0.00","0.00","5.00","","0.00","0.00","","",""
"ремонт токарных станков в москве и области","2026-07-23 - 2026-08-23","1.00","0.00","0.00","42.00","","0.00","0.00","","0.00","0.00","","","","0.00","0.00","","","","1.00","0.00","0.00","42.00",""
"настройка листогибочных станков в спб","2026-07-23 - 2026-08-23","1.00","0.00","0.00","10.00","","0.00","0.00","","0.00","0.00","","","","1.00","0.00","0.00","10.00","","0.00","0.00","","",""
"ремонт гидравлического листогиба","2026-07-23 - 2026-08-23","1.00","0.00","0.00","3.00","","0.00","0.00","","1.00","0.00","0.00","3.00","","0.00","0.00","","","","0.00","0.00","","",""
"stanki24.com","2026-07-23 - 2026-08-23","1.00","0.00","0.00","6.00","","0.00","0.00","","0.00","0.00","","","","1.00","0.00","0.00","6.00","","0.00","0.00","","",""
"судак гильотина","2026-07-23 - 2026-08-23","1.00","0.00","0.00","5.00","","0.00","0.00","","0.00","0.00","","","","1.00","0.00","0.00","5.00","","0.00","0.00","","",""
"обслуживание оборудования ermaksan: листогибов, гильотин","2026-07-23 - 2026-08-23","1.00","0.00","0.00","5.00","","0.00","0.00","","0.00","0.00","","","","1.00","0.00","0.00","5.00","","0.00","0.00","","",""
"замена ножей на китайской гильотине с гидравлическим приводом","2026-07-23 - 2026-08-23","1.00","0.00","0.00","3.00","","0.00","0.00","","1.00","0.00","0.00","3.00","","0.00","0.00","","","","0.00","0.00","","",""
"сколько стоит регулировка ножей на гильотине","2026-07-23 - 2026-08-23","1.00","0.00","0.00","4.00","","0.00","0.00","","0.00","0.00","","","","1.00","0.00","0.00","4.00","","0.00","0.00","","",""
"почему гибочный станок ermaksan перегибает одну сторону","2026-07-23 - 2026-08-23","1.00","0.00","0.00","7.00","","0.00","0.00","","0.00","0.00","","","","1.00","0.00","0.00","7.00","","0.00","0.00","","",""
"диагностика выезд и восстановление станка мск","2026-07-23 - 2026-08-23","1.00","0.00","0.00","11.00","","0.00","0.00","","0.00","0.00","","","","0.00","0.00","","","","1.00","0.00","0.00","11.00",""
"станок гибочный для листового металла какие бывают поломки","2026-07-23 - 2026-08-23","1.00","0.00","0.00","8.00","","0.00","0.00","","0.00","0.00","","","","1.00","0.00","0.00","8.00","","0.00","0.00","","",""
"листогиб азнакаево номер телефона","2026-07-23 - 2026-08-23","1.00","0.00","0.00","7.00","","0.00","0.00","","0.00","0.00","","","","1.00","0.00","0.00","7.00","","0.00","0.00","","",""
"lvd pp 25 гибочный станок заблокирован пуск причина","2026-07-23 - 2026-08-23","1.00","0.00","0.00","8.00","","0.00","0.00","","0.00","0.00","","","","1.00","0.00","0.00","8.00","","0.00","0.00","","",""
"листогиб не меняет угол гиба","2026-07-23 - 2026-08-23","1.00","0.00","0.00","5.00","","0.00","0.00","","0.00","0.00","","","","1.00","0.00","0.00","5.00","","0.00","0.00","","",""
"ремонт гидравлических ручных трубогибов","2026-07-23 - 2026-08-23","1.00","0.00","0.00","11.00","","0.00","0.00","","0.00","0.00","","","","0.00","0.00","","","","1.00","0.00","0.00","11.00",""
"гибочный станок цифровой механический по приводам ,сильный износ что может произойти","2026-07-23 - 2026-08-23","1.00","1.00","100.00","4.00","4.00","0.00","0.00","","0.00","0.00","","","","1.00","1.00","100.00","4.00","4.00","0.00","0.00","","",""
"контролёр delem da-69t ошибки s9002 s9004 s9007","2026-07-23 - 2026-08-23","1.00","0.00","0.00","10.00","","0.00","0.00","","0.00","0.00","","","","1.00","0.00","0.00","10.00","","0.00","0.00","","",""
"листогибочный станок ручной неисправности","2026-07-23 - 2026-08-23","1.00","0.00","0.00","8.00","","0.00","0.00","","0.00","0.00","","","","1.00","0.00","0.00","8.00","","0.00","0.00","","",""
"трубогиб ручной гидравлический ремонт","2026-07-23 - 2026-08-23","1.00","0.00","0.00","11.00","","0.00","0.00","","0.00","0.00","","","","0.00","0.00","","","","1.00","0.00","0.00","11.00",""
"замена подшипника ножа листогиба","2026-07-23 - 2026-08-23","1.00","0.00","0.00","11.00","","0.00","0.00","","0.00","0.00","","","","0.00","0.00","","","","1.00","0.00","0.00","11.00",""
"ооо станки 24","2026-07-23 - 2026-08-23","1.00","0.00","0.00","7.00","","0.00","0.00","","0.00","0.00","","","","1.00","0.00","0.00","7.00","","0.00","0.00","","",""
"замена запчастей для оборудования","2026-07-23 - 2026-08-23","1.00","0.00","0.00","2.00","","0.00","0.00","","1.00","0.00","0.00","2.00","","0.00","0.00","","","","0.00","0.00","","",""
"'stanki-rem.pcm@mail.ru'","2026-07-23 - 2026-08-23","1.00","0.00","0.00","12.00","","0.00","0.00","","0.00","0.00","","","","0.00","0.00","","","","1.00","0.00","0.00","12.00",""
"листогиб поломки для списания","2026-07-23 - 2026-08-23","1.00","0.00","0.00","3.00","","0.00","0.00","","1.00","0.00","0.00","3.00","","0.00","0.00","","","","0.00","0.00","","",""
"стойка delem не подаёт сигналы","2026-07-23 - 2026-08-23","1.00","1.00","100.00","4.00","4.00","0.00","0.00","","0.00","0.00","","","","1.00","1.00","100.00","4.00","4.00","0.00","0.00","","",""
"ремонт станков по дереву {quadro-technol97ogy}","2026-07-23 - 2026-08-23","1.00","0.00","0.00","8.00","","0.00","0.00","","0.00","0.00","","","","1.00","0.00","0.00","8.00","","0.00","0.00","","",""
"на листогибочном станке y1 и y2 ушел в минус","2026-07-23 - 2026-08-23","1.00","0.00","0.00","10.00","","0.00","0.00","","0.00","0.00","","","","1.00","0.00","0.00","10.00","","0.00","0.00","","",""
"перекос балки листогибочного станка после простоя","2026-07-23 - 2026-08-23","1.00","0.00","0.00","10.00","","0.00","0.00","","0.00","0.00","","","","1.00","0.00","0.00","10.00","","0.00","0.00","","",""
"ремонт гильотины drobilka.ru","2026-07-23 - 2026-08-23","1.00","0.00","0.00","10.00","","0.00","0.00","","0.00","0.00","","","","1.00","0.00","0.00","10.00","","0.00","0.00","","",""
"строгальный станок для дома по мееталлу услуги","2026-07-23 - 2026-08-23","1.00","0.00","0.00","8.00","","0.00","0.00","","0.00","0.00","","","","1.00","0.00","0.00","8.00","","0.00","0.00","","",""
"починки листогиб сервис","2026-07-23 - 2026-08-23","1.00","0.00","0.00","9.00","","0.00","0.00","","0.00","0.00","","","","1.00","0.00","0.00","9.00","","0.00","0.00","","",""
"ремонт электроинструмента в нижнеудинске","2026-07-23 - 2026-08-23","1.00","0.00","0.00","10.00","","0.00","0.00","","0.00","0.00","","","","1.00","0.00","0.00","10.00","","0.00","0.00","","",""
"ошибка d0089 delem","2026-07-23 - 2026-08-23","1.00","0.00","0.00","7.00","","0.00","0.00","","0.00","0.00","","","","1.00","0.00","0.00","7.00","","0.00","0.00","","",""
"износ пуансон листогиба","2026-07-23 - 2026-08-23","1.00","0.00","0.00","7.00","","0.00","0.00","","0.00","0.00","","","","1.00","0.00","0.00","7.00","","0.00","0.00","","",""
"номера телефонов в городе порхов мастерских по ремонту пил","2026-07-23 - 2026-08-23","1.00","0.00","0.00","6.00","","0.00","0.00","","0.00","0.00","","","","1.00","0.00","0.00","6.00","","0.00","0.00","","",""
"гибочный станок не встаёт в координату","2026-07-23 - 2026-08-23","1.00","0.00","0.00","6.00","","0.00","0.00","","0.00","0.00","","","","1.00","0.00","0.00","6.00","","0.00","0.00","","",""
"delem da58 russian manual","2026-07-23 - 2026-08-23","1.00","0.00","0.00","15.00","","0.00","0.00","","0.00","0.00","","","","0.00","0.00","","","","1.00","0.00","0.00","15.00",""
"ремонт гидравлического трубогиба bender","2026-07-23 - 2026-08-23","1.00","0.00","0.00","8.00","","0.00","0.00","","0.00","0.00","","","","1.00","0.00","0.00","8.00","","0.00","0.00","","",""
"stanki-remont.ru","2026-07-23 - 2026-08-23","1.00","0.00","0.00","7.00","","0.00","0.00","","0.00","0.00","","","","1.00","0.00","0.00","7.00","","0.00","0.00","","",""
"ремонт бензопилы слюдянка","2026-07-23 - 2026-08-23","1.00","0.00","0.00","10.00","","0.00","0.00","","0.00","0.00","","","","1.00","0.00","0.00","10.00","","0.00","0.00","","",""
"ремонт гильотин в уфе","2026-07-23 - 2026-08-23","1.00","0.00","0.00","4.00","","0.00","0.00","","0.00","0.00","","","","1.00","0.00","0.00","4.00","","0.00","0.00","","",""
"кто обслуживает трубогибочный станок?","2026-07-23 - 2026-08-23","1.00","0.00","0.00","2.00","","0.00","0.00","","1.00","0.00","0.00","2.00","","0.00","0.00","","","","0.00","0.00","","",""
"почему листогиб адванд перестает давить после 2ух часов работы","2026-07-23 - 2026-08-23","1.00","1.00","100.00","9.00","9.00","0.00","0.00","","0.00","0.00","","","","1.00","1.00","100.00","9.00","9.00","0.00","0.00","","",""
"ремонт и обслуживание листогибов dener в днр.","2026-07-23 - 2026-08-23","1.00","1.00","100.00","1.00","1.00","1.00","1.00","100.00","0.00","0.00","","","","0.00","0.00","","","","0.00","0.00","","",""
"листогибочный станок с чпу kt15 ошибка а31","2026-07-23 - 2026-08-23","1.00","0.00","0.00","4.00","","0.00","0.00","","0.00","0.00","","","","1.00","0.00","0.00","4.00","","0.00","0.00","","",""
"ремонт станка донатони","2026-07-23 - 2026-08-23","1.00","0.00","0.00","10.00","","0.00","0.00","","0.00","0.00","","","","1.00","0.00","0.00","10.00","","0.00","0.00","","",""
"работа на стойке delem da 66t","2026-07-23 - 2026-08-23","1.00","0.00","0.00","11.00","","0.00","0.00","","0.00","0.00","","","","0.00","0.00","","","","1.00","0.00","0.00","11.00",""
"ип горбунов максим антонович","2026-07-23 - 2026-08-23","1.00","0.00","0.00","13.00","","0.00","0.00","","0.00","0.00","","","","0.00","0.00","","","","1.00","0.00","0.00","13.00",""
"ремонт механической гильотины","2026-07-23 - 2026-08-23","1.00","0.00","0.00","6.00","","0.00","0.00","","0.00","0.00","","","","1.00","0.00","0.00","6.00","","0.00","0.00","","",""
"адрес мастерской по заточке ленточки ленточной пилы в пушкино?","2026-07-23 - 2026-08-23","1.00","0.00","0.00","11.00","","0.00","0.00","","0.00","0.00","","","","0.00","0.00","","","","1.00","0.00","0.00","11.00",""
"если драйвера сбились на листогибочном станке не работают что делать ?","2026-07-23 - 2026-08-23","1.00","0.00","0.00","1.00","","1.00","0.00","0.00","0.00","0.00","","","","0.00","0.00","","","","0.00","0.00","","",""
"ремонт и строительство гильотина для блоков","2026-07-23 - 2026-08-23","1.00","0.00","0.00","13.00","","0.00","0.00","","0.00","0.00","","","","0.00","0.00","","","","1.00","0.00","0.00","13.00",""
"листогиб с чпу выпал болт как узнать откуда ?","2026-07-23 - 2026-08-23","1.00","0.00","0.00","5.00","","0.00","0.00","","0.00","0.00","","","","1.00","0.00","0.00","5.00","","0.00","0.00","","",""
"листогибочный станок с чпу у пор работает неправильно","2026-07-23 - 2026-08-23","1.00","1.00","100.00","1.00","1.00","1.00","1.00","100.00","0.00","0.00","","","","0.00","0.00","","","","0.00","0.00","","",""
"гильотина делем управление через стойку","2026-07-23 - 2026-08-23","1.00","0.00","0.00","7.00","","0.00","0.00","","0.00","0.00","","","","1.00","0.00","0.00","7.00","","0.00","0.00","","",""
"ремонт вальцовочного станка челябинская область","2026-07-23 - 2026-08-23","1.00","0.00","0.00","10.00","","0.00","0.00","","0.00","0.00","","","","1.00","0.00","0.00","10.00","","0.00","0.00","","",""
"lazzati ремонт станков","2026-07-23 - 2026-08-23","1.00","0.00","0.00","7.00","","0.00","0.00","","0.00","0.00","","","","1.00","0.00","0.00","7.00","","0.00","0.00","","",""
"не вращается стойка монитор чпу","2026-07-23 - 2026-08-23","1.00","0.00","0.00","3.00","","0.00","0.00","","1.00","0.00","0.00","3.00","","0.00","0.00","","","","0.00","0.00","","",""
"станок чпу не видит плату управления","2026-07-23 - 2026-08-23","1.00","0.00","0.00","10.00","","0.00","0.00","","0.00","0.00","","","","1.00","0.00","0.00","10.00","","0.00","0.00","","",""
"замена ножа на гильотине","2026-07-23 - 2026-08-23","1.00","0.00","0.00","6.00","","0.00","0.00","","0.00","0.00","","","","1.00","0.00","0.00","6.00","","0.00","0.00","","",""
"ремонт гибочных электрических станков в городе краснодаре","2026-07-23 - 2026-08-23","1.00","0.00","0.00","12.00","","0.00","0.00","","0.00","0.00","","","","0.00","0.00","","","","1.00","0.00","0.00","12.00",""
"листогиба durma нет движения гидравлика стоп","2026-07-23 - 2026-08-23","1.00","0.00","0.00","9.00","","0.00","0.00","","0.00","0.00","","","","1.00","0.00","0.00","9.00","","0.00","0.00","","",""
"ремонт гильотин в новосибирске","2026-07-23 - 2026-08-23","1.00","0.00","0.00","4.00","","0.00","0.00","","0.00","0.00","","","","1.00","0.00","0.00","4.00","","0.00","0.00","","",""
"нож листогиба замена подшипника","2026-07-23 - 2026-08-23","1.00","0.00","0.00","12.00","","0.00","0.00","","0.00","0.00","","","","0.00","0.00","","","","1.00","0.00","0.00","12.00",""
"перестала работать гильотина для бумаги","2026-07-23 - 2026-08-23","1.00","0.00","0.00","12.00","","0.00","0.00","","0.00","0.00","","","","0.00","0.00","","","","1.00","0.00","0.00","12.00",""
"ремонт станков esson","2026-07-23 - 2026-08-23","1.00","0.00","0.00","10.00","","0.00","0.00","","0.00","0.00","","","","1.00","0.00","0.00","10.00","","0.00","0.00","","",""
"каргополь ремонт пил и триммером","2026-07-23 - 2026-08-23","1.00","2.00","200.00","5.00","5.00","0.00","0.00","","0.00","0.00","","","","1.00","2.00","200.00","5.00","5.00","0.00","0.00","","",""
"ремонт станка по дереву {quadro-technolog~y}","2026-07-23 - 2026-08-23","1.00","0.00","0.00","8.00","","0.00","0.00","","0.00","0.00","","","","1.00","0.00","0.00","8.00","","0.00","0.00","","",""
"ермаксан гибочный станок моменте залипает балка причина помогает перезагрузка","2026-07-23 - 2026-08-23","1.00","0.00","0.00","6.00","","0.00","0.00","","0.00","0.00","","","","1.00","0.00","0.00","6.00","","0.00","0.00","","",""
"если драйвера на листогибочном станке не работают что делать ?","2026-07-23 - 2026-08-23","1.00","0.00","0.00","3.00","","0.00","0.00","","1.00","0.00","0.00","3.00","","0.00","0.00","","","","0.00","0.00","","",""
"заточка ленточных пил тайшет","2026-07-23 - 2026-08-23","1.00","0.00","0.00","5.00","","0.00","0.00","","0.00","0.00","","","","1.00","0.00","0.00","5.00","","0.00","0.00","","",""
"услуги ремонта прокатных валков","2026-07-23 - 2026-08-23","1.00","0.00","0.00","35.00","","0.00","0.00","","0.00","0.00","","","","0.00","0.00","","","","1.00","0.00","0.00","35.00",""
"на гильотине идут трещины на ножах","2026-07-23 - 2026-08-23","1.00","0.00","0.00","6.00","","0.00","0.00","","0.00","0.00","","","","1.00","0.00","0.00","6.00","","0.00","0.00","","",""
"услуги по ремонту промоборудования металлообработки","2026-07-23 - 2026-08-23","1.00","0.00","0.00","10.00","","0.00","0.00","","0.00","0.00","","","","1.00","0.00","0.00","10.00","","0.00","0.00","","",""
"ремонт ручного листогиба","2026-07-23 - 2026-08-23","1.00","0.00","0.00","11.00","","0.00","0.00","","0.00","0.00","","","","0.00","0.00","","","","1.00","0.00","0.00","11.00",""
"ремонт станков услуги ремонта","2026-07-23 - 2026-08-23","1.00","0.00","0.00","24.00","","0.00","0.00","","0.00","0.00","","","","0.00","0.00","","","","1.00","0.00","0.00","24.00",""
"ryzhakov@stanki.ru","2026-07-23 - 2026-08-23","1.00","0.00","0.00","4.00","","0.00","0.00","","0.00","0.00","","","","1.00","0.00","0.00","4.00","","0.00","0.00","","",""
"на чпу станке не включается экран","2026-07-23 - 2026-08-23","1.00","0.00","0.00","7.00","","0.00","0.00","","0.00","0.00","","","","1.00","0.00","0.00","7.00","","0.00","0.00","","",""
"типичные неисправности гидравлики китайского листогиба","2026-07-23 - 2026-08-23","1.00","0.00","0.00","6.00","","0.00","0.00","","0.00","0.00","","","","1.00","0.00","0.00","6.00","","0.00","0.00","","",""
"услуги листогиба верещагино","2026-07-23 - 2026-08-23","1.00","0.00","0.00","7.00","","0.00","0.00","","0.00","0.00","","","","1.00","0.00","0.00","7.00","","0.00","0.00","","",""
"ленточная пила bekamak поломки и ремонт","2026-07-23 - 2026-08-23","1.00","0.00","0.00","6.00","","0.00","0.00","","0.00","0.00","","","","1.00","0.00","0.00","6.00","","0.00","0.00","","",""
"гибочный станок не догибает","2026-07-23 - 2026-08-23","1.00","0.00","0.00","11.00","","0.00","0.00","","0.00","0.00","","","","0.00","0.00","","","","1.00","0.00","0.00","11.00",""
"ремонт листогибов нижний новгород","2026-07-23 - 2026-08-23","1.00","0.00","0.00","10.00","","0.00","0.00","","0.00","0.00","","","","1.00","0.00","0.00","10.00","","0.00","0.00","","",""
"ремонт деревообрабатывающих станков в москве quadro-tech5nology-v5","2026-07-23 - 2026-08-23","1.00","0.00","0.00","7.00","","0.00","0.00","","0.00","0.00","","","","1.00","0.00","0.00","7.00","","0.00","0.00","","",""
"delem t-3500t не реагирует","2026-07-23 - 2026-08-23","1.00","0.00","0.00","7.00","","0.00","0.00","","0.00","0.00","","","","1.00","0.00","0.00","7.00","","0.00","0.00","","",""
"ип горбунов максим антонович 9944282899","2026-07-23 - 2026-08-23","1.00","0.00","0.00","13.00","","0.00","0.00","","0.00","0.00","","","","0.00","0.00","","","","1.00","0.00","0.00","13.00",""
"проблемы с листогибом,нож слетает с планки","2026-07-23 - 2026-08-23","1.00","0.00","0.00","6.00","","0.00","0.00","","0.00","0.00","","","","1.00","0.00","0.00","6.00","","0.00","0.00","","",""
"ремонт ленточных пил воронеж","2026-07-23 - 2026-08-23","1.00","0.00","0.00","8.00","","0.00","0.00","","0.00","0.00","","","","1.00","0.00","0.00","8.00","","0.00","0.00","","",""
"услуга ремонт ленточных пилорам","2026-07-23 - 2026-08-23","1.00","0.00","0.00","23.00","","0.00","0.00","","0.00","0.00","","","","0.00","0.00","","","","1.00","0.00","0.00","23.00",""
"технология ремонт станка профилегибочного","2026-07-23 - 2026-08-23","1.00","0.00","0.00","13.00","","0.00","0.00","","0.00","0.00","","","","0.00","0.00","","","","1.00","0.00","0.00","13.00",""
"ремонт листогиба атлант","2026-07-23 - 2026-08-23","1.00","0.00","0.00","11.00","","0.00","0.00","","0.00","0.00","","","","0.00","0.00","","","","1.00","0.00","0.00","11.00",""
"неисправности листогибочный станок","2026-07-23 - 2026-08-23","1.00","0.00","0.00","5.00","","0.00","0.00","","0.00","0.00","","","","1.00","0.00","0.00","5.00","","0.00","0.00","","",""
"delem da-60t листогиб не реагирует","2026-07-23 - 2026-08-23","1.00","0.00","0.00","3.00","","0.00","0.00","","1.00","0.00","0.00","3.00","","0.00","0.00","","","","0.00","0.00","","",""
"замена перепускного клапана в гильотине дурма","2026-07-23 - 2026-08-23","1.00","0.00","0.00","4.00","","0.00","0.00","","0.00","0.00","","","","1.00","0.00","0.00","4.00","","0.00","0.00","","",""
"услуги листогиба бугульма","2026-07-23 - 2026-08-23","1.00","0.00","0.00","4.00","","0.00","0.00","","0.00","0.00","","","","1.00","0.00","0.00","4.00","","0.00","0.00","","",""
"листогиб неисправности для списания","2026-07-23 - 2026-08-23","1.00","0.00","0.00","3.00","","0.00","0.00","","1.00","0.00","0.00","3.00","","0.00","0.00","","","","0.00","0.00","","",""
"ремонт станков по дереву quadro-tec26hnology","2026-07-23 - 2026-08-23","1.00","0.00","0.00","12.00","","0.00","0.00","","0.00","0.00","","","","0.00","0.00","","","","1.00","0.00","0.00","12.00",""
"устройство натяжения ленточной пилы кулебаки с манометром","2026-07-23 - 2026-08-23","1.00","0.00","0.00","32.00","","0.00","0.00","","0.00","0.00","","","","0.00","0.00","","","","1.00","0.00","0.00","32.00",""
"ремонт гидравлики станков","2026-07-23 - 2026-08-23","1.00","0.00","0.00","11.00","","0.00","0.00","","0.00","0.00","","","","0.00","0.00","","","","1.00","0.00","0.00","11.00",""
"lazzati сервис станков","2026-07-23 - 2026-08-23","1.00","0.00","0.00","6.00","","0.00","0.00","","0.00","0.00","","","","1.00","0.00","0.00","6.00","","0.00","0.00","","",""
"стойка чпу замена","2026-07-23 - 2026-08-23","1.00","0.00","0.00","32.00","","0.00","0.00","","0.00","0.00","","","","0.00","0.00","","","","1.00","0.00","0.00","32.00",""
"если листогиб неправильно гнет, как назвать причину","2026-07-23 - 2026-08-23","1.00","0.00","0.00","12.00","","0.00","0.00","","0.00","0.00","","","","0.00","0.00","","","","1.00","0.00","0.00","12.00",""
"контроллер delem da-58t руководство по эксплуатации на русском","2026-07-23 - 2026-08-23","1.00","1.00","100.00","12.00","12.00","0.00","0.00","","0.00","0.00","","","","0.00","0.00","","","","1.00","1.00","100.00","12.00","12.00"
"da058 30243013","2026-07-23 - 2026-08-23","1.00","0.00","0.00","12.00","","0.00","0.00","","0.00","0.00","","","","0.00","0.00","","","","1.00","0.00","0.00","12.00",""
"диагностика листогибочного станка iron mac hrb-k 80/2500","2026-07-23 - 2026-08-23","1.00","0.00","0.00","5.00","","0.00","0.00","","0.00","0.00","","","","1.00","0.00","0.00","5.00","","0.00","0.00","","",""
"по каким причинам на листогибе постоянно работает медленный ход на опускание","2026-07-23 - 2026-08-23","1.00","0.00","0.00","8.00","","0.00","0.00","","0.00","0.00","","","","1.00","0.00","0.00","8.00","","0.00","0.00","","",""
"ремонт листогиба листогибочного пресса настройка в нижнем новгороде","2026-07-23 - 2026-08-23","1.00","0.00","0.00","11.00","","0.00","0.00","","0.00","0.00","","","","0.00","0.00","","","","1.00","0.00","0.00","11.00",""
"обслуживание и ремонт гильотин","2026-07-23 - 2026-08-23","1.00","0.00","0.00","7.00","","0.00","0.00","","0.00","0.00","","","","1.00","0.00","0.00","7.00","","0.00","0.00","","",""
"станок не вскрывали не проверяли","2026-07-23 - 2026-08-23","1.00","0.00","0.00","13.00","","0.00","0.00","","0.00","0.00","","","","0.00","0.00","","","","1.00","0.00","0.00","13.00",""
"delem da-66we после обнуления ни куда не движется","2026-07-23 - 2026-08-23","1.00","1.00","100.00","4.00","4.00","0.00","0.00","","0.00","0.00","","","","1.00","1.00","100.00","4.00","4.00","0.00","0.00","","",""
"ремонт пил порхов","2026-07-23 - 2026-08-23","1.00","0.00","0.00","9.00","","0.00","0.00","","0.00","0.00","","","","1.00","0.00","0.00","9.00","","0.00","0.00","","",""
"как проверить целостность кабеля до энкодера","2026-07-23 - 2026-08-23","1.00","0.00","0.00","11.00","","0.00","0.00","","0.00","0.00","","","","0.00","0.00","","","","1.00","0.00","0.00","11.00",""
"ремонт ручных профилегибов","2026-07-23 - 2026-08-23","1.00","1.00","100.00","2.00","2.00","0.00","0.00","","1.00","1.00","100.00","2.00","2.00","0.00","0.00","","","","0.00","0.00","","",""
"ремонт электроинструмента нижнеудинск","2026-07-23 - 2026-08-23","1.00","0.00","0.00","7.00","","0.00","0.00","","0.00","0.00","","","","1.00","0.00","0.00","7.00","","0.00","0.00","","",""
"как восстановить машинный параметры на системе delem","2026-07-23 - 2026-08-23","1.00","0.00","0.00","7.00","","0.00","0.00","","0.00","0.00","","","","1.00","0.00","0.00","7.00","","0.00","0.00","","",""
"стойка delim da 66 t как уменьшить параметр глушения","2026-07-23 - 2026-08-23","1.00","0.00","0.00","9.00","","0.00","0.00","","0.00","0.00","","","","1.00","0.00","0.00","9.00","","0.00","0.00","","",""
"почему залипает электромагнитный листогибочный станок","2026-07-23 - 2026-08-23","1.00","0.00","0.00","11.00","","0.00","0.00","","0.00","0.00","","","","0.00","0.00","","","","1.00","0.00","0.00","11.00",""
"обслуживание то станка гильотина","2026-07-23 - 2026-08-23","1.00","0.00","0.00","5.00","","0.00","0.00","","0.00","0.00","","","","1.00","0.00","0.00","5.00","","0.00","0.00","","",""
"диагностика листогиба ам","2026-07-23 - 2026-08-23","1.00","0.00","0.00","10.00","","0.00","0.00","","0.00","0.00","","","","1.00","0.00","0.00","10.00","","0.00","0.00","","",""
"листогибочные работы семилуки","2026-07-23 - 2026-08-23","1.00","0.00","0.00","11.00","","0.00","0.00","","0.00","0.00","","","","0.00","0.00","","","","1.00","0.00","0.00","11.00",""
"нож для гильотины по металлу починить нож","2026-07-23 - 2026-08-23","1.00","0.00","0.00","4.00","","0.00","0.00","","0.00","0.00","","","","1.00","0.00","0.00","4.00","","0.00","0.00","","",""
"ремонт гильотины для бумаги","2026-07-23 - 2026-08-23","1.00","0.00","0.00","11.00","","0.00","0.00","","0.00","0.00","","","","0.00","0.00","","","","1.00","0.00","0.00","11.00",""
"ремонт и заказ ленточных пил кудымкар юрино","2026-07-23 - 2026-08-23","1.00","0.00","0.00","1.00","","1.00","0.00","0.00","0.00","0.00","","","","0.00","0.00","","","","0.00","0.00","","",""
"стойки cubulec или delem","2026-07-23 - 2026-08-23","1.00","0.00","0.00","11.00","","0.00","0.00","","0.00","0.00","","","","0.00","0.00","","","","1.00","0.00","0.00","11.00",""
"ремонт в спб листогиба ив2144п в спб","2026-07-23 - 2026-08-23","1.00","0.00","0.00","5.00","","0.00","0.00","","0.00","0.00","","","","1.00","0.00","0.00","5.00","","0.00","0.00","","",""
"lazzati сервис станков в россии","2026-07-23 - 2026-08-23","1.00","0.00","0.00","6.00","","0.00","0.00","","0.00","0.00","","","","1.00","0.00","0.00","6.00","","0.00","0.00","","",""
"ремонт деревообрабатывающих станков в москве quadro-technology 2","2026-07-23 - 2026-08-23","1.00","0.00","0.00","11.00","","0.00","0.00","","0.00","0.00","","","","0.00","0.00","","","","1.00","0.00","0.00","11.00",""
"гидравлический трубогиб ручной ремонт","2026-07-23 - 2026-08-23","1.00","0.00","0.00","10.00","","0.00","0.00","","0.00","0.00","","","","1.00","0.00","0.00","10.00","","0.00","0.00","","",""
"сервис бош пилы в лихославле","2026-07-23 - 2026-08-23","1.00","2.00","200.00","1.00","1.00","1.00","2.00","200.00","0.00","0.00","","","","0.00","0.00","","","","0.00","0.00","","",""
"ремонт деревообрабатывающих станков {quadro-technology2}","2026-07-23 - 2026-08-23","1.00","0.00","0.00","11.00","","0.00","0.00","","0.00","0.00","","","","0.00","0.00","","","","1.00","0.00","0.00","11.00",""
"ремонт станков гильотины","2026-07-23 - 2026-08-23","1.00","0.00","0.00","8.00","","0.00","0.00","","0.00","0.00","","","","1.00","0.00","0.00","8.00","","0.00","0.00","","",""
"гидравлический листогиб недогибает после некоторого времени работы","2026-07-23 - 2026-08-23","1.00","0.00","0.00","7.00","","0.00","0.00","","0.00","0.00","","","","1.00","0.00","0.00","7.00","","0.00","0.00","","",""
"на листогибе pba не включается насос.","2026-07-23 - 2026-08-23","1.00","0.00","0.00","10.00","","0.00","0.00","","0.00","0.00","","","","1.00","0.00","0.00","10.00","","0.00","0.00","","",""
"сервис станков москва","2026-07-23 - 2026-08-23","1.00","0.00","0.00","10.00","","0.00","0.00","","0.00","0.00","","","","1.00","0.00","0.00","10.00","","0.00","0.00","","",""
"ремонт станков с чпу delem","2026-07-23 - 2026-08-23","1.00","0.00","0.00","1.00","","1.00","0.00","0.00","0.00","0.00","","","","0.00","0.00","","","","0.00","0.00","","",""
"ремонт и дозаправка гидроаккумулятора гильотинных ножниц вариф цена","2026-07-23 - 2026-08-23","1.00","0.00","0.00","3.00","","0.00","0.00","","1.00","0.00","0.00","3.00","","0.00","0.00","","","","0.00","0.00","","",""
"замена платы estun","2026-07-23 - 2026-08-23","1.00","0.00","0.00","5.00","","0.00","0.00","","0.00","0.00","","","","1.00","0.00","0.00","5.00","","0.00","0.00","","",""
"что заливается в гидросистему ленточной пилы по металлу","2026-07-23 - 2026-08-23","1.00","0.00","0.00","9.00","","0.00","0.00","","0.00","0.00","","","","1.00","0.00","0.00","9.00","","0.00","0.00","","",""
"из за чего гидравлический листогиб не отпускается вниз и верх при нажатии педали","2026-07-23 - 2026-08-23","1.00","0.00","0.00","10.00","","0.00","0.00","","0.00","0.00","","","","1.00","0.00","0.00","10.00","","0.00","0.00","","",""
"ремонт пилы в глазове","2026-07-23 - 2026-08-23","1.00","0.00","0.00","11.00","","0.00","0.00","","0.00","0.00","","","","0.00","0.00","","","","1.00","0.00","0.00","11.00",""
"слава горбунов нижний новгород кроу","2026-07-23 - 2026-08-23","1.00","0.00","0.00","11.00","","0.00","0.00","","0.00","0.00","","","","0.00","0.00","","","","1.00","0.00","0.00","11.00",""
"ремонт ленточной пилы по металлу","2026-07-23 - 2026-08-23","1.00","0.00","0.00","8.00","","0.00","0.00","","0.00","0.00","","","","1.00","0.00","0.00","8.00","","0.00","0.00","","",""
"трубогиб и профилегиб, чем отличается","2026-07-23 - 2026-08-23","1.00","0.00","0.00","9.00","","0.00","0.00","","0.00","0.00","","","","1.00","0.00","0.00","9.00","","0.00","0.00","","",""
"как ремонтировать листогибочный станок stalex","2026-07-23 - 2026-08-23","1.00","0.00","0.00","1.00","","1.00","0.00","0.00","0.00","0.00","","","","0.00","0.00","","","","0.00","0.00","","",""
"ремонт станка гидравлическая гильотина metal master hcj 3280 e в самаре","2026-07-23 - 2026-08-23","1.00","1.00","100.00","2.00","2.00","0.00","0.00","","1.00","1.00","100.00","2.00","2.00","0.00","0.00","","","","0.00","0.00","","",""
"ремонт ленточнопильного станка","2026-07-23 - 2026-08-23","1.00","0.00","0.00","27.00","","0.00","0.00","","0.00","0.00","","","","0.00","0.00","","","","1.00","0.00","0.00","27.00",""
"ремонт листогибочного станка замена держателя матрицы","2026-07-23 - 2026-08-23","1.00","0.00","0.00","7.00","","0.00","0.00","","0.00","0.00","","","","1.00","0.00","0.00","7.00","","0.00","0.00","","",""
"ремонт деревообрабатывающих станков в москве quadro-technolоgy4","2026-07-23 - 2026-08-23","1.00","0.00","0.00","8.00","","0.00","0.00","","0.00","0.00","","","","1.00","0.00","0.00","8.00","","0.00","0.00","","",""
"ремонт гильотина","2026-07-23 - 2026-08-23","1.00","1.00","100.00","2.00","2.00","0.00","0.00","","1.00","1.00","100.00","2.00","2.00","0.00","0.00","","","","0.00","0.00","","",""
"неисправности гильотины","2026-07-23 - 2026-08-23","1.00","0.00","0.00","14.00","","0.00","0.00","","0.00","0.00","","","","0.00","0.00","","","","1.00","0.00","0.00","14.00",""
"сервис станки ру","2026-07-23 - 2026-08-23","1.00","0.00","0.00","11.00","","0.00","0.00","","0.00","0.00","","","","0.00","0.00","","","","1.00","0.00","0.00","11.00",""
"услуги по обслуживание станков","2026-07-23 - 2026-08-23","1.00","0.00","0.00","10.00","","0.00","0.00","","0.00","0.00","","","","1.00","0.00","0.00","10.00","","0.00","0.00","","",""
"другое ремонт листогибов","2026-07-23 - 2026-08-23","1.00","0.00","0.00","8.00","","0.00","0.00","","0.00","0.00","","","","1.00","0.00","0.00","8.00","","0.00","0.00","","",""
"неисправность ножа гибочного станка","2026-07-23 - 2026-08-23","1.00","0.00","0.00","8.00","","0.00","0.00","","0.00","0.00","","","","1.00","0.00","0.00","8.00","","0.00","0.00","","",""
"гильотин ремонт","2026-07-23 - 2026-08-23","1.00","0.00","0.00","4.00","","0.00","0.00","","0.00","0.00","","","","1.00","0.00","0.00","4.00","","0.00","0.00","","",""
"ремонт пил рославль","2026-07-23 - 2026-08-23","1.00","0.00","0.00","8.00","","0.00","0.00","","0.00","0.00","","","","1.00","0.00","0.00","8.00","","0.00","0.00","","",""
"листогиб ошибка w19 вход/выход 24в","2026-07-23 - 2026-08-23","1.00","0.00","0.00","8.00","","0.00","0.00","","0.00","0.00","","","","1.00","0.00","0.00","8.00","","0.00","0.00","","",""
